trade_id,pair,is_short,close_profit,close_profit_abs,stake_amount,open_date,close_date,exit_reason,strategy,trade_date,close_price,ema200,ema200_block,ema200_direction,crisis_block
0,ETH/USDT:USDT,True,-0.0041728123229899,-20.65065592,4949.848035,2026-03-17 22:35:07.337779+00:00,2026-03-17 23:10:16.377000+00:00,time_stop,LiqCascadeStrategy_V04,2026-03-17 00:00:00+00:00,2316.45,2833.2421708441434,False,block_shorts_above,False
1,ETH/USDT:USDT,False,0.003639359079071,17.98007947,4939.46428,2026-03-18 01:05:07.239565+00:00,2026-03-18 01:38:11.381000+00:00,roi,LiqCascadeStrategy_V04,2026-03-18 00:00:00+00:00,2201.95,2826.960655392499,True,block_longs_below,False
2,BTC/USDT:USDT,False,-0.001921062774668,-9.48982132,4937.4122,2026-03-18 02:35:07.847516+00:00,2026-03-18 03:12:26.304000+00:00,time_stop,LiqCascadeStrategy_V04,2026-03-18 00:00:00+00:00,71202.9,87383.48101805303,True,block_longs_below,False
3,BTC/USDT:USDT,False,-0.011040543663052,-54.51981475,4935.678,2026-03-18 03:30:07.508346+00:00,2026-03-18 04:10:04.495000+00:00,time_stop,LiqCascadeStrategy_V04,2026-03-18 00:00:00+00:00,71202.9,87383.48101805303,True,block_longs_below,False
4,ETH/USDT:USDT,True,-0.000583901097411,-2.87016204,4916.47678,2026-03-18 04:35:12.420021+00:00,2026-03-18 05:05:22.459000+00:00,roi,LiqCascadeStrategy_V04,2026-03-18 00:00:00+00:00,2201.95,2826.960655392499,False,block_shorts_above,False
5,BTC/USDT:USDT,True,-0.002463626386899,-12.05670972,4896.3354,2026-03-18 04:35:07.504184+00:00,2026-03-18 05:12:16.402000+00:00,time_stop,LiqCascadeStrategy_V04,2026-03-18 00:00:00+00:00,71202.9,87383.48101805303,False,block_shorts_above,False
6,ETH/USDT:USDT,True,-0.00155008512947,-7.60823874,4909.2534,2026-03-18 05:45:02.479790+00:00,2026-03-18 06:20:11.838000+00:00,time_stop,LiqCascadeStrategy_V04,2026-03-18 00:00:00+00:00,2201.95,2826.960655392499,False,block_shorts_above,False
7,BTC/USDT:USDT,True,-0.009814141062938,-48.15770666,4907.9527,2026-03-18 05:55:12.333362+00:00,2026-03-18 06:34:56.326000+00:00,time_stop,LiqCascadeStrategy_V04,2026-03-18 00:00:00+00:00,71202.9,87383.48101805303,False,block_shorts_above,False
8,BTC/USDT:USDT,False,0.002901903238495,14.11989666,4864.7636,2026-03-18 08:55:07.254531+00:00,2026-03-18 09:25:16.293000+00:00,roi,LiqCascadeStrategy_V04,2026-03-18 00:00:00+00:00,71202.9,87383.48101805303,True,block_longs_below,False
9,BTC/USDT:USDT,False,-0.0036957917096822,-18.03480946,4878.84725,2026-03-18 09:45:07.942709+00:00,2026-03-18 10:21:21.322000+00:00,time_stop,LiqCascadeStrategy_V04,2026-03-18 00:00:00+00:00,71202.9,87383.48101805303,True,block_longs_below,False
10,ETH/USDT:USDT,True,0.0397793701033428,194.07247516,4879.697615,2026-03-18 11:10:03.658249+00:00,2026-03-18 11:39:55.120000+00:00,roi,LiqCascadeStrategy_V04,2026-03-18 00:00:00+00:00,2201.95,2826.960655392499,False,block_shorts_above,False
11,BTC/USDT:USDT,True,0.0074309324268339,36.11933668,4863.1051,2026-03-18 11:35:13.336723+00:00,2026-03-18 12:06:56.391000+00:00,roi,LiqCascadeStrategy_V04,2026-03-18 00:00:00+00:00,71202.9,87383.48101805303,False,block_shorts_above,False
12,ETH/USDT:USDT,True,0.0037554609203232,18.68160865,4975.51329,2026-03-18 11:40:07.442065+00:00,2026-03-18 12:10:12.764000+00:00,roi,LiqCascadeStrategy_V04,2026-03-18 00:00:00+00:00,2201.95,2826.960655392499,False,block_shorts_above,False
13,BTC/USDT:USDT,True,-0.00036622329073,-1.82881326,4994.7099,2026-03-18 12:35:12.107062+00:00,2026-03-18 13:05:17.030000+00:00,roi,LiqCascadeStrategy_V04,2026-03-18 00:00:00+00:00,71202.9,87383.48101805303,False,block_shorts_above,False
14,ETH/USDT:USDT,False,-0.010693821914795,-53.5004466,5001.93,2026-03-18 13:25:12.879053+00:00,2026-03-18 14:00:17.596000+00:00,time_stop,LiqCascadeStrategy_V04,2026-03-18 00:00:00+00:00,2201.95,2826.960655392499,True,block_longs_below,False
15,BTC/USDT:USDT,False,-0.023253659030181,-116.309574,5000.775,2026-03-18 13:25:07.236967+00:00,2026-03-18 14:00:21.296000+00:00,time_stop,LiqCascadeStrategy_V04,2026-03-18 00:00:00+00:00,71202.9,87383.48101805303,True,block_longs_below,False
16,ETH/USDT:USDT,True,0.006683866272665,32.85062694,4917.37254,2026-03-18 14:05:07.123376+00:00,2026-03-18 14:35:12.567000+00:00,roi,LiqCascadeStrategy_V04,2026-03-18 00:00:00+00:00,2201.95,2826.960655392499,False,block_shorts_above,False
17,BTC/USDT:USDT,True,0.004025910333469,19.81605756,4923.1155,2026-03-18 14:55:12.851659+00:00,2026-03-18 15:25:16.570000+00:00,roi,LiqCascadeStrategy_V04,2026-03-18 00:00:00+00:00,71202.9,87383.48101805303,False,block_shorts_above,False
18,ETH/USDT:USDT,True,0.011897111660778,58.87699466,4949.83775,2026-03-18 14:55:07.197663+00:00,2026-03-18 15:30:06.842000+00:00,roi,LiqCascadeStrategy_V04,2026-03-18 00:00:00+00:00,2201.95,2826.960655392499,False,block_shorts_above,False
19,ETH/USDT:USDT,False,0.0069556446003171,34.60080819,4973.498705,2026-03-18 21:30:12.100067+00:00,2026-03-18 22:00:13.025000+00:00,roi,LiqCascadeStrategy_V04,2026-03-18 00:00:00+00:00,2201.95,2826.960655392499,True,block_longs_below,False
20,BTC/USDT:USDT,True,0.0015286529912662,7.603596,4976.538,2026-03-18 22:05:12.339358+00:00,2026-03-18 22:35:16.973000+00:00,roi,LiqCascadeStrategy_V04,2026-03-18 00:00:00+00:00,71202.9,87383.48101805303,False,block_shorts_above,False
21,BTC/USDT:USDT,False,0.0004844347467637,2.410205,4972.807,2026-03-19 01:40:07.099664+00:00,2026-03-19 02:10:26.998000+00:00,roi,LiqCascadeStrategy_V04,2026-03-19 00:00:00+00:00,69887.4,87209.39062361263,True,block_longs_below,False
22,ETH/USDT:USDT,False,0.0407911240924911,203.87714116,4995.57828,2026-03-19 03:15:07.165186+00:00,2026-03-19 03:23:11.991000+00:00,trailing_stop_loss,LiqCascadeStrategy_V04,2026-03-19 00:00:00+00:00,2136.56,2820.0909957072718,True,block_longs_below,False
23,BTC/USDT:USDT,False,-0.0093436060269851,-46.4482122,4968.6384,2026-03-19 03:20:12.180402+00:00,2026-03-19 03:55:17.012000+00:00,time_stop,LiqCascadeStrategy_V04,2026-03-19 00:00:00+00:00,69887.4,87209.39062361263,True,block_longs_below,False
24,BTC/USDT:USDT,True,0.0013577833213478,6.871865,5063.62285,2026-03-19 04:10:07.158532+00:00,2026-03-19 04:40:56.989000+00:00,roi,LiqCascadeStrategy_V04,2026-03-19 00:00:00+00:00,69887.4,87209.39062361263,False,block_shorts_above,False
25,ETH/USDT:USDT,True,0.0002422911373697,1.22840043,5072.4717,2026-03-19 04:25:12.179894+00:00,2026-03-19 04:59:17.005000+00:00,roi,LiqCascadeStrategy_V04,2026-03-19 00:00:00+00:00,2136.56,2820.0909957072718,False,block_shorts_above,False
26,BTC/USDT:USDT,True,-0.0046197966118324,-23.432406,5074.71,2026-03-19 07:15:07.309129+00:00,2026-03-19 07:50:12.393000+00:00,time_stop,LiqCascadeStrategy_V04,2026-03-19 00:00:00+00:00,69887.4,87209.39062361263,False,block_shorts_above,False
27,ETH/USDT:USDT,True,-0.0043718545244903,-22.188654,5077.88028,2026-03-19 07:15:08.582352+00:00,2026-03-19 07:50:13.386000+00:00,time_stop,LiqCascadeStrategy_V04,2026-03-19 00:00:00+00:00,2136.56,2820.0909957072718,False,block_shorts_above,False
28,ETH/USDT:USDT,True,0.0055937602486072,28.26087311,5054.74124,2026-03-19 10:40:07.211831+00:00,2026-03-19 11:10:11.991000+00:00,roi,LiqCascadeStrategy_V04,2026-03-19 00:00:00+00:00,2136.56,2820.0909957072718,False,block_shorts_above,False
29,BTC/USDT:USDT,True,0.0071421765633634,36.111612,5058.63675,2026-03-19 12:05:07.352902+00:00,2026-03-19 12:35:12.632000+00:00,roi,LiqCascadeStrategy_V04,2026-03-19 00:00:00+00:00,69887.4,87209.39062361263,False,block_shorts_above,False
30,ETH/USDT:USDT,True,0.0409441789500081,207.42193836,5068.50318,2026-03-19 12:30:07.366352+00:00,2026-03-19 12:53:17.019000+00:00,roi,LiqCascadeStrategy_V04,2026-03-19 00:00:00+00:00,2136.56,2820.0909957072718,False,block_shorts_above,False
31,BTC/USDT:USDT,True,0.0034259326686792,17.3685542,5072.2663,2026-03-19 12:50:07.398262+00:00,2026-03-19 13:20:12.580000+00:00,roi,LiqCascadeStrategy_V04,2026-03-19 00:00:00+00:00,69887.4,87209.39062361263,False,block_shorts_above,False
32,ETH/USDT:USDT,True,0.0127241561323531,65.9904408,5188.8276,2026-03-19 12:55:12.343489+00:00,2026-03-19 13:25:17.436000+00:00,roi,LiqCascadeStrategy_V04,2026-03-19 00:00:00+00:00,2136.56,2820.0909957072718,False,block_shorts_above,False
33,BTC/USDT:USDT,False,-0.0091658679563147,-47.897265,5223.0,2026-03-19 13:45:07.211691+00:00,2026-03-19 14:20:08.395000+00:00,time_stop,LiqCascadeStrategy_V04,2026-03-19 00:00:00+00:00,69887.4,87209.39062361263,True,block_longs_below,False
34,BTC/USDT:USDT,True,-0.0298555007423388,-155.15346911,5199.4132,2026-03-19 15:45:06.021097+00:00,2026-03-19 16:20:07.857000+00:00,time_stop,LiqCascadeStrategy_V04,2026-03-19 00:00:00+00:00,69887.4,87209.39062361263,False,block_shorts_above,False
35,ETH/USDT:USDT,False,-0.0099013257917367,-50.81764788,5129.8435,2026-03-19 17:55:11.981159+00:00,2026-03-19 18:30:17.031000+00:00,time_stop,LiqCascadeStrategy_V04,2026-03-19 00:00:00+00:00,2136.56,2820.0909957072718,True,block_longs_below,False
36,ETH/USDT:USDT,False,-0.0113477430893067,-57.94924504,5104.12374,2026-03-19 19:25:07.259528+00:00,2026-03-19 20:00:08.174000+00:00,time_stop,LiqCascadeStrategy_V04,2026-03-19 00:00:00+00:00,2136.56,2820.0909957072718,True,block_longs_below,False
37,BTC/USDT:USDT,True,-0.0050575671378476,-25.62966155,5070.122075,2026-03-19 22:35:11.945751+00:00,2026-03-19 23:10:17.022000+00:00,time_stop,LiqCascadeStrategy_V04,2026-03-19 00:00:00+00:00,69887.4,87209.39062361263,False,block_shorts_above,False
38,BTC/USDT:USDT,True,-0.0225696230330035,-114.11492939,5058.6585,2026-03-19 23:45:07.121340+00:00,2026-03-20 00:20:12.199000+00:00,time_stop,LiqCascadeStrategy_V04,2026-03-19 00:00:00+00:00,69887.4,87209.39062361263,False,block_shorts_above,False
39,ETH/USDT:USDT,True,-0.026958565800938,-136.44383972,5063.774415,2026-03-19 23:45:08.425586+00:00,2026-03-20 00:20:13.323000+00:00,time_stop,LiqCascadeStrategy_V04,2026-03-19 00:00:00+00:00,2136.56,2820.0909957072718,False,block_shorts_above,False
40,BTC/USDT:USDT,False,0.003247375426093,15.962807,4913.146,2026-03-20 00:40:07.160711+00:00,2026-03-20 01:10:12.411000+00:00,roi,LiqCascadeStrategy_V04,2026-03-20 00:00:00+00:00,70472.7,87042.85635440794,True,block_longs_below,False
41,BTC/USDT:USDT,False,0.0002155085022977,1.062166,4926.187,2026-03-20 01:35:12.399320+00:00,2026-03-20 02:06:17.013000+00:00,roi,LiqCascadeStrategy_V04,2026-03-20 00:00:00+00:00,70472.7,87042.85635440794,True,block_longs_below,False
42,ETH/USDT:USDT,False,-0.0149616695852936,-74.05183065,4946.962825,2026-03-20 01:40:12.181320+00:00,2026-03-20 02:15:17.024000+00:00,time_stop,LiqCascadeStrategy_V04,2026-03-20 00:00:00+00:00,2145.08,2813.3744670097376,True,block_longs_below,False
43,ETH/USDT:USDT,False,0.0001180792413928,0.58020883,4911.2686,2026-03-20 02:45:07.125143+00:00,2026-03-20 03:15:27.002000+00:00,roi,LiqCascadeStrategy_V04,2026-03-20 00:00:00+00:00,2145.08,2813.3744670097376,True,block_longs_below,False
44,BTC/USDT:USDT,False,0.003983462865624,19.5191445,4897.5955,2026-03-20 03:25:07.094409+00:00,2026-03-20 03:55:12.371000+00:00,roi,LiqCascadeStrategy_V04,2026-03-20 00:00:00+00:00,70472.7,87042.85635440794,True,block_longs_below,False
45,ETH/USDT:USDT,False,0.0002100481845557,1.03210497,4911.20253,2026-03-20 03:35:07.549191+00:00,2026-03-20 04:07:17.012000+00:00,roi,LiqCascadeStrategy_V04,2026-03-20 00:00:00+00:00,2145.08,2813.3744670097376,True,block_longs_below,False
46,ETH/USDT:USDT,False,-0.0180002791288527,-88.62277074,4920.95044,2026-03-20 04:10:07.088945+00:00,2026-03-20 04:45:12.385000+00:00,time_stop,LiqCascadeStrategy_V04,2026-03-20 00:00:00+00:00,2145.08,2813.3744670097376,True,block_longs_below,False
47,BTC/USDT:USDT,False,-0.010968480500554,-53.6711946,4890.7752,2026-03-20 04:10:12.263118+00:00,2026-03-20 04:45:13.350000+00:00,time_stop,LiqCascadeStrategy_V04,2026-03-20 00:00:00+00:00,70472.7,87042.85635440794,True,block_longs_below,False
48,ETH/USDT:USDT,True,-0.0400720569506569,-194.30377643,4851.2852025,2026-03-20 07:05:07.665984+00:00,2026-03-20 07:40:12.593000+00:00,time_stop,LiqCascadeStrategy_V04,2026-03-20 00:00:00+00:00,2145.08,2813.3744670097376,False,block_shorts_above,False
49,BTC/USDT:USDT,True,-0.0293110782712012,-142.0562064,4848.9267,2026-03-20 07:05:12.140249+00:00,2026-03-20 07:40:13.553000+00:00,time_stop,LiqCascadeStrategy_V04,2026-03-20 00:00:00+00:00,70472.7,87042.85635440794,False,block_shorts_above,False
50,BTC/USDT:USDT,False,0.009617241952164,44.9662998,4673.2554,2026-03-20 07:45:07.155025+00:00,2026-03-20 08:15:11.996000+00:00,roi,LiqCascadeStrategy_V04,2026-03-20 00:00:00+00:00,70472.7,87042.85635440794,True,block_longs_below,False
51,ETH/USDT:USDT,False,-0.0044830082302234,-21.01550619,4685.470695,2026-03-20 08:10:12.374832+00:00,2026-03-20 08:45:16.990000+00:00,time_stop,LiqCascadeStrategy_V04,2026-03-20 00:00:00+00:00,2145.08,2813.3744670097376,True,block_longs_below,False
52,BTC/USDT:USDT,True,0.0144024679899327,67.4039652,4682.37,2026-03-20 09:05:07.219744+00:00,2026-03-20 09:35:11.980000+00:00,roi,LiqCascadeStrategy_V04,2026-03-20 00:00:00+00:00,70472.7,87042.85635440794,False,block_shorts_above,False
53,BTC/USDT:USDT,False,-0.013500811307684,-63.52273515,4702.75365,2026-03-20 11:15:12.458922+00:00,2026-03-20 11:50:17.038000+00:00,time_stop,LiqCascadeStrategy_V04,2026-03-20 00:00:00+00:00,70472.7,87042.85635440794,True,block_longs_below,False
54,BTC/USDT:USDT,True,0.0007048844407902,3.3007148,4684.975,2026-03-20 13:35:07.169515+00:00,2026-03-20 14:08:22.039000+00:00,roi,LiqCascadeStrategy_V04,2026-03-20 00:00:00+00:00,70472.7,87042.85635440794,False,block_shorts_above,False
55,ETH/USDT:USDT,True,0.0008303665802544,3.90007755,4699.1637875,2026-03-20 13:35:08.470849+00:00,2026-03-20 14:08:23.100000+00:00,roi,LiqCascadeStrategy_V04,2026-03-20 00:00:00+00:00,2145.08,2813.3744670097376,False,block_shorts_above,False
56,ETH/USDT:USDT,False,-0.0126350173465023,-59.43959593,4702.00312,2026-03-20 14:30:11.996681+00:00,2026-03-20 15:05:12.948000+00:00,time_stop,LiqCascadeStrategy_V04,2026-03-20 00:00:00+00:00,2145.08,2813.3744670097376,True,block_longs_below,False
57,SOL/USDT:USDT,True,-0.0143715591609564,-26.840728,1868.5624,2026-03-20 15:05:13.536201+00:00,2026-03-20 15:40:16.996000+00:00,time_stop,LiqCascadeStrategy_V04,2026-03-20 00:00:00+00:00,89.8,129.12862321725828,False,block_shorts_above,False
58,BTC/USDT:USDT,True,-0.015086185573715,-28.14388246,1866.473225,2026-03-20 15:30:07.757605+00:00,2026-03-20 16:05:12.762000+00:00,time_stop,LiqCascadeStrategy_V04,2026-03-20 00:00:00+00:00,70472.7,87042.85635440794,False,block_shorts_above,False
59,XRP/USDT:USDT,True,0.0060295998092998,11.1990277,1858.270925,2026-03-20 17:00:08.578305+00:00,2026-03-20 17:30:12.689000+00:00,roi,LiqCascadeStrategy_V04,2026-03-20 00:00:00+00:00,1.4444,1.9412387127080477,False,block_shorts_above,False
60,SOL/USDT:USDT,True,-0.0271334126510469,-50.45051515,1860.2803,2026-03-20 17:35:07.632346+00:00,2026-03-20 18:10:12.920000+00:00,time_stop,LiqCascadeStrategy_V04,2026-03-20 00:00:00+00:00,89.8,129.12862321725828,False,block_shorts_above,False
61,ETH/USDT:USDT,True,-0.0203908458049266,-37.91537487,1860.36138,2026-03-20 17:35:12.451504+00:00,2026-03-20 18:10:13.941000+00:00,time_stop,LiqCascadeStrategy_V04,2026-03-20 00:00:00+00:00,2145.08,2813.3744670097376,False,block_shorts_above,False
62,XRP/USDT:USDT,True,0.0010351835129194,1.90686623,1842.97771,2026-03-20 18:35:08.794567+00:00,2026-03-20 19:06:32.276000+00:00,roi,LiqCascadeStrategy_V04,2026-03-20 00:00:00+00:00,1.4444,1.9412387127080477,False,block_shorts_above,False
63,SOL/USDT:USDT,True,-0.0148750546352606,-27.400185,1842.94395,2026-03-20 18:35:07.584794+00:00,2026-03-20 19:10:12.866000+00:00,time_stop,LiqCascadeStrategy_V04,2026-03-20 00:00:00+00:00,89.8,129.12862321725828,False,block_shorts_above,False
64,ETH/USDT:USDT,True,-0.0099113121896834,-18.2572555,1842.98389,2026-03-20 18:40:12.679770+00:00,2026-03-20 19:15:16.991000+00:00,time_stop,LiqCascadeStrategy_V04,2026-03-20 00:00:00+00:00,2145.08,2813.3744670097376,False,block_shorts_above,False
65,SOL/USDT:USDT,False,0.0079088146673873,14.512407,1834.0491,2026-03-20 19:45:06.360005+00:00,2026-03-20 20:15:08.298000+00:00,roi,LiqCascadeStrategy_V04,2026-03-20 00:00:00+00:00,89.8,129.12862321725828,True,block_longs_below,False
66,ETH/USDT:USDT,True,-0.0320828887112822,-58.80653598,1833.87333,2026-03-20 19:40:07.747009+00:00,2026-03-20 20:15:12.759000+00:00,time_stop,LiqCascadeStrategy_V04,2026-03-20 00:00:00+00:00,2145.08,2813.3744670097376,False,block_shorts_above,False
67,BTC/USDT:USDT,False,-0.0109132407923727,-19.9031716,1822.8522,2026-03-20 20:00:06.641089+00:00,2026-03-20 20:35:07.929000+00:00,time_stop,LiqCascadeStrategy_V04,2026-03-20 00:00:00+00:00,70472.7,87042.85635440794,True,block_longs_below,False
68,BTC/USDT:USDT,True,-0.019738761790083,-35.812868,1815.2498,2026-03-20 20:40:12.569462+00:00,2026-03-20 21:15:16.956000+00:00,time_stop,LiqCascadeStrategy_V04,2026-03-20 00:00:00+00:00,70472.7,87042.85635440794,False,block_shorts_above,False
69,SOL/USDT:USDT,False,-0.0040045781258378,-7.26901905,1814.2701,2026-03-20 21:20:07.636506+00:00,2026-03-20 21:55:13.321000+00:00,time_stop,LiqCascadeStrategy_V04,2026-03-20 00:00:00+00:00,89.8,129.12862321725828,True,block_longs_below,False
70,XRP/USDT:USDT,False,-0.0073889181161649,-13.41388125,1814.49807,2026-03-20 21:20:08.860952+00:00,2026-03-20 21:55:14.468000+00:00,time_stop,LiqCascadeStrategy_V04,2026-03-20 00:00:00+00:00,1.4444,1.9412387127080477,True,block_longs_below,False
71,BTC/USDT:USDT,False,-0.0037775439627136,-6.7991976,1798.9995,2026-03-20 21:20:12.834815+00:00,2026-03-20 21:55:15.447000+00:00,time_stop,LiqCascadeStrategy_V04,2026-03-20 00:00:00+00:00,70472.7,87042.85635440794,True,block_longs_below,False
72,ETH/USDT:USDT,False,-0.0041467588301031,-7.5247242,1813.69692,2026-03-20 21:20:14.128566+00:00,2026-03-20 21:55:16.416000+00:00,time_stop,LiqCascadeStrategy_V04,2026-03-20 00:00:00+00:00,2145.08,2813.3744670097376,True,block_longs_below,False
73,BTC/USDT:USDT,False,-0.0059107214117045,-10.68321735,1806.5271,2026-03-20 22:05:07.440203+00:00,2026-03-20 22:40:11.996000+00:00,time_stop,LiqCascadeStrategy_V04,2026-03-20 00:00:00+00:00,70472.7,87042.85635440794,True,block_longs_below,False
74,XRP/USDT:USDT,False,-0.0062699997401657,-11.33978445,1807.6743,2026-03-20 22:05:14.452896+00:00,2026-03-20 22:40:16.986000+00:00,time_stop,LiqCascadeStrategy_V04,2026-03-20 00:00:00+00:00,1.4444,1.9412387127080477,True,block_longs_below,False
75,ETH/USDT:USDT,True,-0.0005894357199491,-1.06226695,1803.07761,2026-03-20 23:10:12.341232+00:00,2026-03-20 23:45:16.951000+00:00,time_stop,LiqCascadeStrategy_V04,2026-03-20 00:00:00+00:00,2145.08,2813.3744670097376,False,block_shorts_above,False
76,ETH/USDT:USDT,False,-0.0065470080911706,-11.8086184,1802.765,2026-03-21 07:30:12.348053+00:00,2026-03-21 08:05:16.944000+00:00,time_stop,LiqCascadeStrategy_V04,2026-03-21 00:00:00+00:00,2083.37,2806.1107394954042,True,block_longs_below,False
77,BTC/USDT:USDT,True,0.0024190494282002,4.35900267,1802.85,2026-03-21 07:50:08.244897+00:00,2026-03-21 08:20:13.174000+00:00,roi,LiqCascadeStrategy_V04,2026-03-21 00:00:00+00:00,68881.5,86862.1463042496,False,block_shorts_above,False
78,BTC/USDT:USDT,True,-0.0079385763853626,-14.2823868,1800.01185,2026-03-21 08:35:12.718810+00:00,2026-03-21 09:10:16.999000+00:00,time_stop,LiqCascadeStrategy_V04,2026-03-21 00:00:00+00:00,68881.5,86862.1463042496,False,block_shorts_above,False
79,ETH/USDT:USDT,True,-0.0034813051914974,-6.25762618,1798.39348,2026-03-21 10:25:07.649578+00:00,2026-03-21 11:00:09.675000+00:00,time_stop,LiqCascadeStrategy_V04,2026-03-21 00:00:00+00:00,2083.37,2806.1107394954042,False,block_shorts_above,False
80,ETH/USDT:USDT,False,-0.0028968994283801,-5.20804507,1796.9013,2026-03-21 12:05:07.453219+00:00,2026-03-21 12:40:12.789000+00:00,time_stop,LiqCascadeStrategy_V04,2026-03-21 00:00:00+00:00,2083.37,2806.1107394954042,True,block_longs_below,False
81,BTC/USDT:USDT,False,-0.0089496458646587,-15.8939,1775.0375,2026-03-21 14:15:07.679192+00:00,2026-03-21 14:50:12.793000+00:00,time_stop,LiqCascadeStrategy_V04,2026-03-21 00:00:00+00:00,68881.5,86862.1463042496,True,block_longs_below,False
82,ETH/USDT:USDT,False,-0.0119928848238837,-21.55604275,1796.50438,2026-03-21 14:20:07.865772+00:00,2026-03-21 14:55:12.391000+00:00,time_stop,LiqCascadeStrategy_V04,2026-03-21 00:00:00+00:00,2083.37,2806.1107394954042,True,block_longs_below,False
83,SOL/USDT:USDT,True,0.0071314028175636,12.80339025,1796.2518,2026-03-21 14:50:08.266832+00:00,2026-03-21 15:20:12.684000+00:00,roi,LiqCascadeStrategy_V04,2026-03-21 00:00:00+00:00,87.5,128.71440797678773,False,block_shorts_above,False
84,ETH/USDT:USDT,False,-0.005098673308104,-9.13864392,1791.46149,2026-03-21 15:35:07.677205+00:00,2026-03-21 16:10:12.559000+00:00,time_stop,LiqCascadeStrategy_V04,2026-03-21 00:00:00+00:00,2083.37,2806.1107394954042,True,block_longs_below,False
85,ETH/USDT:USDT,True,-0.0089294291709425,-15.97278409,1789.6748125,2026-03-21 17:00:08.427235+00:00,2026-03-21 17:35:12.398000+00:00,time_stop,LiqCascadeStrategy_V04,2026-03-21 00:00:00+00:00,2083.37,2806.1107394954042,False,block_shorts_above,False
86,SOL/USDT:USDT,True,-0.0116124699201121,-20.772381,1789.6944,2026-03-21 17:10:08.179408+00:00,2026-03-21 17:45:12.748000+00:00,time_stop,LiqCascadeStrategy_V04,2026-03-21 00:00:00+00:00,87.5,128.71440797678773,False,block_shorts_above,False
87,ETH/USDT:USDT,False,-0.0016734250020126,-2.99018209,1785.970535,2026-03-21 17:35:13.218274+00:00,2026-03-21 18:10:17.393000+00:00,time_stop,LiqCascadeStrategy_V04,2026-03-21 00:00:00+00:00,2083.37,2806.1107394954042,True,block_longs_below,False
88,BTC/USDT:USDT,False,-0.0010933243871398,-1.9245075,1759.355,2026-03-21 18:30:07.567589+00:00,2026-03-21 19:05:12.400000+00:00,time_stop,LiqCascadeStrategy_V04,2026-03-21 00:00:00+00:00,68881.5,86862.1463042496,True,block_longs_below,False
89,SOL/USDT:USDT,False,-0.0022213712286872,-3.9598527,1781.7255,2026-03-21 18:45:07.766020+00:00,2026-03-21 19:20:12.535000+00:00,time_stop,LiqCascadeStrategy_V04,2026-03-21 00:00:00+00:00,87.5,128.71440797678773,True,block_longs_below,False
90,SOL/USDT:USDT,False,0.00177835904112,3.167802,1780.416,2026-03-21 20:25:12.164443+00:00,2026-03-21 20:55:16.992000+00:00,roi,LiqCascadeStrategy_V04,2026-03-21 00:00:00+00:00,87.5,128.71440797678773,True,block_longs_below,False
91,ETH/USDT:USDT,False,-0.0034363779331934,-6.1186363,1779.6583,2026-03-21 20:50:07.687468+00:00,2026-03-21 21:25:12.691000+00:00,time_stop,LiqCascadeStrategy_V04,2026-03-21 00:00:00+00:00,2083.37,2806.1107394954042,True,block_longs_below,False
92,ETH/USDT:USDT,True,0.038706246006418,68.87469554,1780.31086,2026-03-21 23:50:13.706958+00:00,2026-03-21 23:52:37.993000+00:00,trailing_stop_loss,LiqCascadeStrategy_V04,2026-03-21 00:00:00+00:00,2083.37,2806.1107394954042,False,block_shorts_above,False
93,BTC/USDT:USDT,True,0.0378484076806203,67.0687689,1772.9232,2026-03-21 23:50:12.498861+00:00,2026-03-21 23:59:21.986000+00:00,trailing_stop_loss,LiqCascadeStrategy_V04,2026-03-21 00:00:00+00:00,68881.5,86862.1463042496,False,block_shorts_above,False
94,ETH/USDT:USDT,True,0.0370207057896894,66.3641388,1793.5189525,2026-03-21 23:55:03.447229+00:00,2026-03-22 00:04:05.315000+00:00,trailing_stop_loss,LiqCascadeStrategy_V04,2026-03-21 00:00:00+00:00,2083.37,2806.1107394954042,False,block_shorts_above,False
95,SOL/USDT:USDT,True,0.0480746337240854,85.51879374,1779.7655,2026-03-21 23:50:14.898848+00:00,2026-03-22 00:05:16.973000+00:00,roi,LiqCascadeStrategy_V04,2026-03-21 00:00:00+00:00,87.5,128.71440797678773,False,block_shorts_above,False
96,ETH/USDT:USDT,False,0.0221301360993749,40.28073714,1819.26612,2026-03-22 00:04:06.109884+00:00,2026-03-22 00:34:07.224000+00:00,roi,LiqCascadeStrategy_V04,2026-03-22 00:00:00+00:00,2052.85,2798.6156062528617,True,block_longs_below,False
97,BTC/USDT:USDT,True,-0.0247997056095591,-44.72605339,1804.3935,2026-03-22 00:00:12.030608+00:00,2026-03-22 00:35:16.977000+00:00,time_stop,LiqCascadeStrategy_V04,2026-03-22 00:00:00+00:00,67830.6,86672.77764625009,False,block_shorts_above,False
98,XRP/USDT:USDT,False,0.0025377221273702,4.66311024,1836.59976,2026-03-22 00:10:09.413287+00:00,2026-03-22 00:40:12.757000+00:00,roi,LiqCascadeStrategy_V04,2026-03-22 00:00:00+00:00,1.3841,1.9304429636468927,True,block_longs_below,False
99,SOL/USDT:USDT,False,0.0009765995682419,1.79492805,1837.01805,2026-03-22 00:10:08.113982+00:00,2026-03-22 00:40:41.958000+00:00,roi,LiqCascadeStrategy_V04,2026-03-22 00:00:00+00:00,86.15,128.2908814441429,True,block_longs_below,False
100,BNB/USDT:USDT,False,-0.0094576479930995,-17.4375883,1842.83385,2026-03-22 00:35:12.872070+00:00,2026-03-22 01:10:16.963000+00:00,time_stop,LiqCascadeStrategy_V04,2026-03-22 00:00:00+00:00,626.08,787.0733156928342,True,block_longs_below,False
101,BTC/USDT:USDT,False,-0.009902341332753,-18.13950705,1830.92475,2026-03-22 00:35:18.580444+00:00,2026-03-22 01:10:21.947000+00:00,time_stop,LiqCascadeStrategy_V04,2026-03-22 00:00:00+00:00,67830.6,86672.77764625009,True,block_longs_below,False
102,SOL/USDT:USDT,False,-0.00426842462458,-7.8166242,1830.3516,2026-03-22 02:35:11.995033+00:00,2026-03-22 03:10:16.962000+00:00,time_stop,LiqCascadeStrategy_V04,2026-03-22 00:00:00+00:00,86.15,128.2908814441429,True,block_longs_below,False
103,XRP/USDT:USDT,False,-0.0066370163258269,-12.14443135,1828.8884,2026-03-22 03:30:07.676406+00:00,2026-03-22 04:05:12.353000+00:00,time_stop,LiqCascadeStrategy_V04,2026-03-22 00:00:00+00:00,1.3841,1.9304429636468927,True,block_longs_below,False
104,ETH/USDT:USDT,True,9.23419188030252e-05,0.16878662,1828.758355,2026-03-22 03:55:07.818894+00:00,2026-03-22 04:25:51.987000+00:00,roi,LiqCascadeStrategy_V04,2026-03-22 00:00:00+00:00,2052.85,2798.6156062528617,False,block_shorts_above,False
105,BTC/USDT:USDT,True,0.0012549601381829,2.2821435,1819.4085,2026-03-22 04:35:12.262536+00:00,2026-03-22 05:07:41.948000+00:00,roi,LiqCascadeStrategy_V04,2026-03-22 00:00:00+00:00,67830.6,86672.77764625009,False,block_shorts_above,False
106,ETH/USDT:USDT,True,-0.0038123214753146,-6.96166656,1827.009915,2026-03-22 06:05:07.643869+00:00,2026-03-22 06:40:13.704000+00:00,time_stop,LiqCascadeStrategy_V04,2026-03-22 00:00:00+00:00,2052.85,2798.6156062528617,False,block_shorts_above,False
107,BTC/USDT:USDT,False,-0.0075623145979478,-13.6070376,1798.4226,2026-03-22 07:05:04.117173+00:00,2026-03-22 07:40:07.826000+00:00,time_stop,LiqCascadeStrategy_V04,2026-03-22 00:00:00+00:00,67830.6,86672.77764625009,True,block_longs_below,False
108,SOL/USDT:USDT,True,0.021521521158129,39.20915905,1822.76955,2026-03-22 08:00:14.773956+00:00,2026-03-22 08:30:16.950000+00:00,roi,LiqCascadeStrategy_V04,2026-03-22 00:00:00+00:00,86.15,128.2908814441429,False,block_shorts_above,False
109,XRP/USDT:USDT,True,0.0151354033443063,27.57919326,1823.075945,2026-03-22 08:00:16.431843+00:00,2026-03-22 08:30:17.948000+00:00,roi,LiqCascadeStrategy_V04,2026-03-22 00:00:00+00:00,1.3841,1.9304429636468927,False,block_shorts_above,False
110,BTC/USDT:USDT,True,0.0098130896472635,17.7149175,1806.1365,2026-03-22 08:05:04.234096+00:00,2026-03-22 08:35:07.959000+00:00,roi,LiqCascadeStrategy_V04,2026-03-22 00:00:00+00:00,67830.6,86672.77764625009,False,block_shorts_above,False
111,ETH/USDT:USDT,True,0.017502820015927,31.88551866,1822.6474,2026-03-22 08:05:12.832886+00:00,2026-03-22 08:35:16.927000+00:00,roi,LiqCascadeStrategy_V04,2026-03-22 00:00:00+00:00,2052.85,2798.6156062528617,False,block_shorts_above,False
112,ETH/USDT:USDT,True,-0.0096790809417324,-17.85852183,1845.98679,2026-03-22 11:45:12.128037+00:00,2026-03-22 12:20:12.862000+00:00,time_stop,LiqCascadeStrategy_V04,2026-03-22 00:00:00+00:00,2052.85,2798.6156062528617,False,block_shorts_above,False
113,BTC/USDT:USDT,False,0.0001312294149922,0.2382244,1814.42055,2026-03-22 12:20:13.413186+00:00,2026-03-22 12:50:16.947000+00:00,roi,LiqCascadeStrategy_V04,2026-03-22 00:00:00+00:00,67830.6,86672.77764625009,True,block_longs_below,False
114,ETH/USDT:USDT,False,-0.0002603553965101,-0.47977275,1841.84,2026-03-22 12:25:07.822855+00:00,2026-03-22 13:00:12.585000+00:00,time_stop,LiqCascadeStrategy_V04,2026-03-22 00:00:00+00:00,2052.85,2798.6156062528617,True,block_longs_below,False
115,BNB/USDT:USDT,True,-0.0101102212502428,-18.6162067,1842.246475,2026-03-22 12:55:12.227084+00:00,2026-03-22 13:30:16.974000+00:00,time_stop,LiqCascadeStrategy_V04,2026-03-22 00:00:00+00:00,626.08,787.0733156928342,False,block_shorts_above,False
116,BTC/USDT:USDT,False,-0.0056021384233138,-10.2129993,1822.14265,2026-03-22 13:05:07.816691+00:00,2026-03-22 13:40:12.548000+00:00,time_stop,LiqCascadeStrategy_V04,2026-03-22 00:00:00+00:00,67830.6,86672.77764625009,True,block_longs_below,False
117,XRP/USDT:USDT,False,-0.0101169031965539,-18.64828132,1842.358425,2026-03-22 13:05:12.647178+00:00,2026-03-22 13:40:13.534000+00:00,time_stop,LiqCascadeStrategy_V04,2026-03-22 00:00:00+00:00,1.3841,1.9304429636468927,True,block_longs_below,False
118,BTC/USDT:USDT,True,-0.012141818663859,-22.052346,1817.13945,2026-03-22 13:45:07.682171+00:00,2026-03-22 14:20:12.723000+00:00,time_stop,LiqCascadeStrategy_V04,2026-03-22 00:00:00+00:00,67830.6,86672.77764625009,False,block_shorts_above,False
119,ETH/USDT:USDT,False,-0.0067196624942761,-12.29184196,1828.32086,2026-03-22 14:25:07.760063+00:00,2026-03-22 15:00:08.851000+00:00,time_stop,LiqCascadeStrategy_V04,2026-03-22 00:00:00+00:00,2052.85,2798.6156062528617,True,block_longs_below,False
120,ETH/USDT:USDT,True,-0.0104756375416065,-19.12114305,1826.2094625,2026-03-22 15:25:08.077426+00:00,2026-03-22 16:00:13.146000+00:00,time_stop,LiqCascadeStrategy_V04,2026-03-22 00:00:00+00:00,2052.85,2798.6156062528617,False,block_shorts_above,False
121,XRP/USDT:USDT,True,-0.0105086062508384,-19.18131717,1826.209125,2026-03-22 15:40:12.232474+00:00,2026-03-22 16:15:16.957000+00:00,time_stop,LiqCascadeStrategy_V04,2026-03-22 00:00:00+00:00,1.3841,1.9304429636468927,False,block_shorts_above,False
122,BTC/USDT:USDT,True,-0.0102799127769655,-18.52662525,1803.11775,2026-03-22 16:40:12.169731+00:00,2026-03-22 17:15:17.025000+00:00,time_stop,LiqCascadeStrategy_V04,2026-03-22 00:00:00+00:00,67830.6,86672.77764625009,False,block_shorts_above,False
123,ETH/USDT:USDT,True,-0.0097219213205396,-17.66670147,1818.111735,2026-03-22 16:40:13.437694+00:00,2026-03-22 17:15:17.990000+00:00,time_stop,LiqCascadeStrategy_V04,2026-03-22 00:00:00+00:00,2052.85,2798.6156062528617,False,block_shorts_above,False
124,BNB/USDT:USDT,True,0.0020864819180375,3.7753505,1810.338775,2026-03-22 17:20:12.361190+00:00,2026-03-22 17:50:16.964000+00:00,roi,LiqCascadeStrategy_V04,2026-03-22 00:00:00+00:00,626.08,787.0733156928342,False,block_shorts_above,False
125,ETH/USDT:USDT,True,-0.0007669106519787,-1.38823464,1811.0703,2026-03-22 17:25:08.028216+00:00,2026-03-22 18:00:09.137000+00:00,time_stop,LiqCascadeStrategy_V04,2026-03-22 00:00:00+00:00,2052.85,2798.6156062528617,False,block_shorts_above,False
126,XRP/USDT:USDT,True,-0.0022762620445342,-4.12068556,1811.191705,2026-03-22 17:25:09.281673+00:00,2026-03-22 18:00:10.226000+00:00,time_stop,LiqCascadeStrategy_V04,2026-03-22 00:00:00+00:00,1.3841,1.9304429636468927,False,block_shorts_above,False
127,BNB/USDT:USDT,True,0.0009670080378444,1.7495424,1810.1376,2026-03-22 18:40:07.883158+00:00,2026-03-22 19:10:51.967000+00:00,roi,LiqCascadeStrategy_V04,2026-03-22 00:00:00+00:00,626.08,787.0733156928342,False,block_shorts_above,False
128,BTC/USDT:USDT,True,0.0002754596455561,0.4985604,1810.82715,2026-03-22 19:35:12.503304+00:00,2026-03-22 20:07:02.014000+00:00,roi,LiqCascadeStrategy_V04,2026-03-22 00:00:00+00:00,67830.6,86672.77764625009,False,block_shorts_above,False
129,SOL/USDT:USDT,True,0.037410686749534,67.730059,1811.3525,2026-03-22 21:10:14.175052+00:00,2026-03-22 21:20:32.449000+00:00,trailing_stop_loss,LiqCascadeStrategy_V04,2026-03-22 00:00:00+00:00,86.15,128.2908814441429,False,block_shorts_above,False
130,XRP/USDT:USDT,True,-0.0057412330287347,-10.39527544,1811.5404175,2026-03-22 21:10:07.576224+00:00,2026-03-22 21:45:10.238000+00:00,time_stop,LiqCascadeStrategy_V04,2026-03-22 00:00:00+00:00,1.3841,1.9304429636468927,False,block_shorts_above,False
131,BTC/USDT:USDT,True,-0.0058495378830721,-10.5098311,1797.59305,2026-03-22 21:10:12.909094+00:00,2026-03-22 21:45:14.645000+00:00,time_stop,LiqCascadeStrategy_V04,2026-03-22 00:00:00+00:00,67830.6,86672.77764625009,False,block_shorts_above,False
132,SOL/USDT:USDT,True,-0.0119492320591119,-21.7937367,1824.77325,2026-03-22 21:25:12.758433+00:00,2026-03-22 22:00:13.715000+00:00,time_stop,LiqCascadeStrategy_V04,2026-03-22 00:00:00+00:00,86.15,128.2908814441429,False,block_shorts_above,False
133,ETH/USDT:USDT,False,0.0004288469801905,0.78285792,1824.58248,2026-03-22 21:30:13.761876+00:00,2026-03-22 22:04:06.963000+00:00,roi,LiqCascadeStrategy_V04,2026-03-22 00:00:00+00:00,2052.85,2798.6156062528617,True,block_longs_below,False
134,BTC/USDT:USDT,False,0.0012450737375136,2.25066355,1806.75145,2026-03-22 22:25:07.517969+00:00,2026-03-22 22:55:12.811000+00:00,roi,LiqCascadeStrategy_V04,2026-03-22 00:00:00+00:00,67830.6,86672.77764625009,True,block_longs_below,False
135,SOL/USDT:USDT,False,-0.0061466210730409,-11.1740442,1817.00805,2026-03-22 22:55:13.753254+00:00,2026-03-22 23:30:16.958000+00:00,time_stop,LiqCascadeStrategy_V04,2026-03-22 00:00:00+00:00,86.15,128.2908814441429,True,block_longs_below,False
136,ETH/USDT:USDT,True,0.0044071446139474,7.99346084,1814.65785,2026-03-23 00:20:07.618493+00:00,2026-03-23 00:50:13.343000+00:00,roi,LiqCascadeStrategy_V04,2026-03-23 00:00:00+00:00,2151.01,2792.171768092615,False,block_shorts_above,False
137,BTC/USDT:USDT,True,-0.0262181720845396,-47.300955,1805.03115,2026-03-23 00:40:07.696048+00:00,2026-03-23 01:15:12.516000+00:00,time_stop,LiqCascadeStrategy_V04,2026-03-23 00:00:00+00:00,70865.9,86515.49525031683,False,block_shorts_above,False
138,ETH/USDT:USDT,False,0.0007505510763925,1.35662363,1806.60011,2026-03-23 02:25:07.681991+00:00,2026-03-23 02:55:12.347000+00:00,roi,LiqCascadeStrategy_V04,2026-03-23 00:00:00+00:00,2151.01,2792.171768092615,True,block_longs_below,False
139,XRP/USDT:USDT,False,-0.0070245150483688,-12.70112562,1807.210625,2026-03-23 02:30:13.962202+00:00,2026-03-23 03:05:16.944000+00:00,time_stop,LiqCascadeStrategy_V04,2026-03-23 00:00:00+00:00,1.4316,1.9254793510807233,True,block_longs_below,False
140,BTC/USDT:USDT,False,-0.0109688297205464,-19.5310154,1779.7026,2026-03-23 03:05:12.649314+00:00,2026-03-23 03:40:16.938000+00:00,time_stop,LiqCascadeStrategy_V04,2026-03-23 00:00:00+00:00,70865.9,86515.49525031683,True,block_longs_below,False
141,ETH/USDT:USDT,False,-0.0152329718489813,-27.53100874,1806.4269,2026-03-23 03:05:13.829745+00:00,2026-03-23 03:40:17.878000+00:00,time_stop,LiqCascadeStrategy_V04,2026-03-23 00:00:00+00:00,2151.01,2792.171768092615,True,block_longs_below,False
142,XRP/USDT:USDT,True,-0.0127139287659496,-22.81391649,1795.30101,2026-03-23 03:45:07.584707+00:00,2026-03-23 04:20:12.504000+00:00,time_stop,LiqCascadeStrategy_V04,2026-03-23 00:00:00+00:00,1.4316,1.9254793510807233,False,block_shorts_above,False
143,BTC/USDT:USDT,False,0.0002779154102635,0.4954534,1781.858,2026-03-23 05:00:13.950290+00:00,2026-03-23 05:30:16.953000+00:00,roi,LiqCascadeStrategy_V04,2026-03-23 00:00:00+00:00,70865.9,86515.49525031683,True,block_longs_below,False
144,BNB/USDT:USDT,False,-0.0164901080213045,-29.5361073,1790.2458,2026-03-23 06:00:12.378434+00:00,2026-03-23 06:35:16.967000+00:00,time_stop,LiqCascadeStrategy_V04,2026-03-23 00:00:00+00:00,639.3,785.6029341496023,True,block_longs_below,False
145,SOL/USDT:USDT,True,0.0404098062896266,72.3351861,1790.935875,2026-03-23 06:15:07.895159+00:00,2026-03-23 06:42:46.974000+00:00,roi,LiqCascadeStrategy_V04,2026-03-23 00:00:00+00:00,91.4,127.92380792390212,False,block_shorts_above,False
146,BTC/USDT:USDT,True,0.0385629968869315,68.674918,1781.741,2026-03-23 06:30:08.010870+00:00,2026-03-23 06:43:12.470000+00:00,trailing_stop_loss,LiqCascadeStrategy_V04,2026-03-23 00:00:00+00:00,70865.9,86515.49525031683,False,block_shorts_above,False
147,ETH/USDT:USDT,True,0.0391630432654632,70.10494662,1790.9746225,2026-03-23 06:35:13.103110+00:00,2026-03-23 06:43:52.218000+00:00,trailing_stop_loss,LiqCascadeStrategy_V04,2026-03-23 00:00:00+00:00,2151.01,2792.171768092615,False,block_shorts_above,False
148,XRP/USDT:USDT,True,0.0349028114231142,62.48458476,1791.1406025,2026-03-23 06:35:08.297477+00:00,2026-03-23 07:05:12.931000+00:00,roi,LiqCascadeStrategy_V04,2026-03-23 00:00:00+00:00,1.4316,1.9254793510807233,False,block_shorts_above,False
149,BNB/USDT:USDT,True,0.0365553649372142,64.7069075,1770.9925,2026-03-23 06:35:18.488905+00:00,2026-03-23 07:05:22.375000+00:00,roi,LiqCascadeStrategy_V04,2026-03-23 00:00:00+00:00,639.3,785.6029341496023,False,block_shorts_above,False
150,ETH/USDT:USDT,True,-0.017053279095295,-31.13802748,1826.839525,2026-03-23 06:45:04.864585+00:00,2026-03-23 07:20:08.018000+00:00,time_stop,LiqCascadeStrategy_V04,2026-03-23 00:00:00+00:00,2151.01,2792.171768092615,False,block_shorts_above,False
151,SOL/USDT:USDT,True,-0.0330436626830027,-61.1637614,1851.9242,2026-03-23 07:10:07.909073+00:00,2026-03-23 07:45:12.560000+00:00,time_stop,LiqCascadeStrategy_V04,2026-03-23 00:00:00+00:00,91.4,127.92380792390212,False,block_shorts_above,False
152,XRP/USDT:USDT,True,-0.0230199133180035,-42.6176545,1852.26475,2026-03-23 07:10:09.168707+00:00,2026-03-23 07:45:13.542000+00:00,time_stop,LiqCascadeStrategy_V04,2026-03-23 00:00:00+00:00,1.4316,1.9254793510807233,False,block_shorts_above,False
153,BNB/USDT:USDT,True,-0.0237648366458829,-43.98988275,1851.975225,2026-03-23 07:10:12.725202+00:00,2026-03-23 07:45:14.543000+00:00,time_stop,LiqCascadeStrategy_V04,2026-03-23 00:00:00+00:00,639.3,785.6029341496023,False,block_shorts_above,False
154,ETH/USDT:USDT,False,0.0051828346455871,9.56997033,1845.5514,2026-03-23 07:40:13.029383+00:00,2026-03-23 08:10:17.002000+00:00,roi,LiqCascadeStrategy_V04,2026-03-23 00:00:00+00:00,2151.01,2792.171768092615,True,block_longs_below,False
155,SOL/USDT:USDT,False,-0.0117092576137296,-21.3063789,1818.7089,2026-03-23 08:15:07.706569+00:00,2026-03-23 08:50:12.382000+00:00,time_stop,LiqCascadeStrategy_V04,2026-03-23 00:00:00+00:00,91.4,127.92380792390212,True,block_longs_below,False
156,BTC/USDT:USDT,False,-0.0063724313312138,-11.5625436,1813.55665,2026-03-23 10:05:12.454782+00:00,2026-03-23 10:40:16.998000+00:00,time_stop,LiqCascadeStrategy_V04,2026-03-23 00:00:00+00:00,70865.9,86515.49525031683,True,block_longs_below,False
157,ETH/USDT:USDT,False,-0.0075099366565716,-13.61360091,1811.839185,2026-03-23 11:10:07.638964+00:00,2026-03-23 11:45:08.897000+00:00,time_stop,LiqCascadeStrategy_V04,2026-03-23 00:00:00+00:00,2151.01,2792.171768092615,True,block_longs_below,False
158,SOL/USDT:USDT,False,-0.0231046448606683,-41.889952,1812.1472,2026-03-23 11:10:08.839595+00:00,2026-03-23 11:45:09.875000+00:00,time_stop,LiqCascadeStrategy_V04,2026-03-23 00:00:00+00:00,91.4,127.92380792390212,True,block_longs_below,False
159,XRP/USDT:USDT,False,-0.0170582585042185,-30.925793,1812.04534,2026-03-23 11:10:10.077751+00:00,2026-03-23 11:45:10.855000+00:00,time_stop,LiqCascadeStrategy_V04,2026-03-23 00:00:00+00:00,1.4316,1.9254793510807233,True,block_longs_below,False
160,BTC/USDT:USDT,False,-0.0153489858805192,-27.3098625,1778.3725,2026-03-23 11:10:12.842649+00:00,2026-03-23 11:45:17.770000+00:00,time_stop,LiqCascadeStrategy_V04,2026-03-23 00:00:00+00:00,70865.9,86515.49525031683,True,block_longs_below,False
161,BNB/USDT:USDT,False,-0.0135522461252714,-24.555552,1811.012,2026-03-23 11:10:14.083732+00:00,2026-03-23 11:45:18.720000+00:00,time_stop,LiqCascadeStrategy_V04,2026-03-23 00:00:00+00:00,639.3,785.6029341496023,True,block_longs_below,False
162,SOL/USDT:USDT,True,0.0394418685852994,70.35463725,1784.6475,2026-03-23 11:50:07.631892+00:00,2026-03-23 12:01:41.983000+00:00,trailing_stop_loss,LiqCascadeStrategy_V04,2026-03-23 00:00:00+00:00,91.4,127.92380792390212,False,block_shorts_above,False
163,BTC/USDT:USDT,True,0.002293000034502,4.071007,1776.294575,2026-03-23 11:50:12.581430+00:00,2026-03-23 12:20:16.988000+00:00,roi,LiqCascadeStrategy_V04,2026-03-23 00:00:00+00:00,70865.9,86515.49525031683,False,block_shorts_above,False
164,XRP/USDT:USDT,True,-0.008810084208618,-15.71458006,1784.5960275,2026-03-23 11:50:13.817489+00:00,2026-03-23 12:25:16.962000+00:00,time_stop,LiqCascadeStrategy_V04,2026-03-23 00:00:00+00:00,1.4316,1.9254793510807233,False,block_shorts_above,False
165,XRP/USDT:USDT,False,0.011185918571695,20.10529127,1796.47684,2026-03-23 13:55:08.223455+00:00,2026-03-23 14:25:12.407000+00:00,roi,LiqCascadeStrategy_V04,2026-03-23 00:00:00+00:00,1.4316,1.9254793510807233,True,block_longs_below,False
166,XRP/USDT:USDT,True,-0.000318411061533,-0.57315744,1800.95553,2026-03-23 22:05:07.599973+00:00,2026-03-23 22:40:12.012000+00:00,time_stop,LiqCascadeStrategy_V04,2026-03-23 00:00:00+00:00,1.4316,1.9254793510807233,False,block_shorts_above,False
167,ETH/USDT:USDT,True,-0.005750381218159,-10.34347037,1799.64498,2026-03-24 00:20:12.326420+00:00,2026-03-24 00:55:17.037000+00:00,time_stop,LiqCascadeStrategy_V04,2026-03-24 00:00:00+00:00,2155.29,2785.8346348234604,False,block_shorts_above,False
168,XRP/USDT:USDT,True,-0.0012954246207476,-2.3310261,1800.3303,2026-03-24 00:40:12.634186+00:00,2026-03-24 01:15:17.026000+00:00,time_stop,LiqCascadeStrategy_V04,2026-03-24 00:00:00+00:00,1.4151,1.920400948577054,False,block_shorts_above,False
169,BNB/USDT:USDT,True,0.0006130167001871,1.10112025,1797.130625,2026-03-24 01:45:12.627896+00:00,2026-03-24 02:15:17.234000+00:00,roi,LiqCascadeStrategy_V04,2026-03-24 00:00:00+00:00,638.31,784.1373325260761,False,block_shorts_above,False
170,SOL/USDT:USDT,True,-0.0017792949630961,-3.19654395,1797.4215,2026-03-24 01:45:07.612438+00:00,2026-03-24 02:20:08.301000+00:00,time_stop,LiqCascadeStrategy_V04,2026-03-24 00:00:00+00:00,90.75,127.55391921498017,False,block_shorts_above,False
171,XRP/USDT:USDT,True,-0.0116562104303865,-20.94515812,1797.80865,2026-03-24 02:00:09.823412+00:00,2026-03-24 02:35:12.809000+00:00,time_stop,LiqCascadeStrategy_V04,2026-03-24 00:00:00+00:00,1.4151,1.920400948577054,False,block_shorts_above,False
172,SOL/USDT:USDT,False,-0.0101940390974078,-18.2886768,1793.1594,2026-03-24 02:50:12.135853+00:00,2026-03-24 03:25:16.968000+00:00,time_stop,LiqCascadeStrategy_V04,2026-03-24 00:00:00+00:00,90.75,127.55391921498017,True,block_longs_below,False
173,SOL/USDT:USDT,False,-0.0260436922661917,-46.6282124,1789.48935,2026-03-24 04:10:07.521297+00:00,2026-03-24 04:45:12.673000+00:00,time_stop,LiqCascadeStrategy_V04,2026-03-24 00:00:00+00:00,90.75,127.55391921498017,True,block_longs_below,False
174,BTC/USDT:USDT,False,-0.0210094652154599,-37.4771408,1782.930275,2026-03-24 04:10:12.866084+00:00,2026-03-24 04:45:13.620000+00:00,time_stop,LiqCascadeStrategy_V04,2026-03-24 00:00:00+00:00,70523.9,86356.37486822279,True,block_longs_below,False
175,ETH/USDT:USDT,False,-0.0256900034105369,-45.99060048,1789.3192125,2026-03-24 04:10:14.070006+00:00,2026-03-24 04:45:16.960000+00:00,time_stop,LiqCascadeStrategy_V04,2026-03-24 00:00:00+00:00,2155.29,2785.8346348234604,True,block_longs_below,False
176,BNB/USDT:USDT,True,-0.0059139492389686,-10.4260443,1763.83995,2026-03-24 05:05:07.576081+00:00,2026-03-24 05:40:12.356000+00:00,time_stop,LiqCascadeStrategy_V04,2026-03-24 00:00:00+00:00,638.31,784.1373325260761,False,block_shorts_above,False
177,SOL/USDT:USDT,True,-0.0033355195540221,-5.8800676,1763.74595,2026-03-24 05:05:12.505564+00:00,2026-03-24 05:40:13.306000+00:00,time_stop,LiqCascadeStrategy_V04,2026-03-24 00:00:00+00:00,90.75,127.55391921498017,False,block_shorts_above,False
178,BTC/USDT:USDT,False,0.0004343849208226,0.76124565,1751.59215,2026-03-24 07:15:12.321285+00:00,2026-03-24 07:48:01.988000+00:00,roi,LiqCascadeStrategy_V04,2026-03-24 00:00:00+00:00,70523.9,86356.37486822279,True,block_longs_below,False
179,BTC/USDT:USDT,False,-0.024962178540118,-43.610647,1746.19585,2026-03-24 08:00:11.249956+00:00,2026-03-24 08:35:12.588000+00:00,time_stop,LiqCascadeStrategy_V04,2026-03-24 00:00:00+00:00,70523.9,86356.37486822279,True,block_longs_below,False
180,XRP/USDT:USDT,False,-0.0375641187289394,-66.18112376,1760.937085,2026-03-24 08:00:14.316365+00:00,2026-03-24 08:35:16.964000+00:00,time_stop,LiqCascadeStrategy_V04,2026-03-24 00:00:00+00:00,1.4151,1.920400948577054,True,block_longs_below,False
181,ETH/USDT:USDT,True,-0.0136004790669588,-23.62653651,1738.053165,2026-03-24 09:15:07.557556+00:00,2026-03-24 09:50:12.556000+00:00,time_stop,LiqCascadeStrategy_V04,2026-03-24 00:00:00+00:00,2155.29,2785.8346348234604,False,block_shorts_above,False
182,BTC/USDT:USDT,True,-0.011168520580912,-19.3748254,1735.6388,2026-03-24 09:15:13.070865+00:00,2026-03-24 09:50:16.973000+00:00,time_stop,LiqCascadeStrategy_V04,2026-03-24 00:00:00+00:00,70523.9,86356.37486822279,False,block_shorts_above,False
183,BTC/USDT:USDT,False,-0.0170204478358556,-29.43622625,1728.5982,2026-03-24 09:55:07.536282+00:00,2026-03-24 10:30:11.722000+00:00,time_stop,LiqCascadeStrategy_V04,2026-03-24 00:00:00+00:00,70523.9,86356.37486822279,True,block_longs_below,False
184,SOL/USDT:USDT,False,-0.0183174782464344,-31.711883,1730.3711,2026-03-24 10:00:12.019692+00:00,2026-03-24 10:35:15.839000+00:00,time_stop,LiqCascadeStrategy_V04,2026-03-24 00:00:00+00:00,90.75,127.55391921498017,True,block_longs_below,False
185,BTC/USDT:USDT,True,-0.0074551143037172,-12.6953568,1703.7576,2026-03-24 11:05:12.500562+00:00,2026-03-24 11:40:16.963000+00:00,time_stop,LiqCascadeStrategy_V04,2026-03-24 00:00:00+00:00,70523.9,86356.37486822279,False,block_shorts_above,False
186,SOL/USDT:USDT,True,-0.0085692452525475,-14.7159522,1718.1576,2026-03-24 11:25:12.566252+00:00,2026-03-24 12:00:15.109000+00:00,time_stop,LiqCascadeStrategy_V04,2026-03-24 00:00:00+00:00,90.75,127.55391921498017,False,block_shorts_above,False
187,ETH/USDT:USDT,False,-0.0139043635216173,-23.86513176,1715.519385,2026-03-24 11:45:07.846585+00:00,2026-03-24 12:20:08.965000+00:00,time_stop,LiqCascadeStrategy_V04,2026-03-24 00:00:00+00:00,2155.29,2785.8346348234604,True,block_longs_below,False
188,XRP/USDT:USDT,False,-0.006786317905177,-11.63088912,1713.0168,2026-03-24 12:05:03.235083+00:00,2026-03-24 12:40:08.102000+00:00,time_stop,LiqCascadeStrategy_V04,2026-03-24 00:00:00+00:00,1.4151,1.920400948577054,True,block_longs_below,False
189,XRP/USDT:USDT,True,0.0025237959144948,4.30157333,1705.2588,2026-03-24 13:10:07.615164+00:00,2026-03-24 13:40:12.422000+00:00,roi,LiqCascadeStrategy_V04,2026-03-24 00:00:00+00:00,1.4151,1.920400948577054,False,block_shorts_above,False
190,BTC/USDT:USDT,True,0.0093807408623688,15.8086512,1686.0672,2026-03-24 13:45:07.551038+00:00,2026-03-24 14:15:13.206000+00:00,roi,LiqCascadeStrategy_V04,2026-03-24 00:00:00+00:00,70523.9,86356.37486822279,False,block_shorts_above,False
191,ETH/USDT:USDT,True,0.0039881317063025,6.80299761,1706.664,2026-03-24 13:45:08.868336+00:00,2026-03-24 14:15:14.269000+00:00,roi,LiqCascadeStrategy_V04,2026-03-24 00:00:00+00:00,2155.29,2785.8346348234604,False,block_shorts_above,False
192,SOL/USDT:USDT,True,0.0113338196629398,19.3322358,1706.5656,2026-03-24 13:45:12.464941+00:00,2026-03-24 14:15:15.384000+00:00,roi,LiqCascadeStrategy_V04,2026-03-24 00:00:00+00:00,90.75,127.55391921498017,False,block_shorts_above,False
193,ETH/USDT:USDT,True,0.0106518042929651,18.26019597,1715.1395325,2026-03-24 14:20:07.631473+00:00,2026-03-24 14:50:12.374000+00:00,roi,LiqCascadeStrategy_V04,2026-03-24 00:00:00+00:00,2155.29,2785.8346348234604,False,block_shorts_above,False
194,BNB/USDT:USDT,True,-0.0322553401706827,-55.255473,1713.9213,2026-03-24 14:50:07.926374+00:00,2026-03-24 15:25:12.412000+00:00,time_stop,LiqCascadeStrategy_V04,2026-03-24 00:00:00+00:00,638.31,784.1373325260761,False,block_shorts_above,False
195,ETH/USDT:USDT,False,0.0055536577850868,9.54907905,1718.5623,2026-03-24 14:55:09.111966+00:00,2026-03-24 15:25:13.647000+00:00,roi,LiqCascadeStrategy_V04,2026-03-24 00:00:00+00:00,2155.29,2785.8346348234604,True,block_longs_below,False
196,BTC/USDT:USDT,True,-0.0139653422528323,-23.885785,1711.2172,2026-03-24 14:55:07.854948+00:00,2026-03-24 15:30:09.352000+00:00,time_stop,LiqCascadeStrategy_V04,2026-03-24 00:00:00+00:00,70523.9,86356.37486822279,False,block_shorts_above,False
197,BNB/USDT:USDT,True,8.07209837592537e-05,0.1374876,1704.0969,2026-03-24 17:10:12.202986+00:00,2026-03-24 17:44:22.529000+00:00,roi,LiqCascadeStrategy_V04,2026-03-24 00:00:00+00:00,638.31,784.1373325260761,False,block_shorts_above,False
198,ETH/USDT:USDT,False,0.002592563214045,4.42132912,1704.53686,2026-03-24 18:25:03.095206+00:00,2026-03-24 18:55:08.049000+00:00,roi,LiqCascadeStrategy_V04,2026-03-24 00:00:00+00:00,2155.29,2785.8346348234604,True,block_longs_below,False
199,SOL/USDT:USDT,False,-0.0098080496323585,-16.72700625,1704.58425,2026-03-24 18:40:07.752146+00:00,2026-03-24 19:15:12.771000+00:00,time_stop,LiqCascadeStrategy_V04,2026-03-24 00:00:00+00:00,90.75,127.55391921498017,True,block_longs_below,False
200,ETH/USDT:USDT,False,0.0031822618575742,5.42011396,1702.3757,2026-03-24 20:25:07.588111+00:00,2026-03-24 20:55:12.374000+00:00,roi,LiqCascadeStrategy_V04,2026-03-24 00:00:00+00:00,2155.29,2785.8346348234604,True,block_longs_below,False
201,SOL/USDT:USDT,False,0.0069146778384174,11.7760158,1702.1951,2026-03-24 20:30:08.029368+00:00,2026-03-24 21:00:13.226000+00:00,roi,LiqCascadeStrategy_V04,2026-03-24 00:00:00+00:00,90.75,127.55391921498017,True,block_longs_below,False
202,BTC/USDT:USDT,False,0.0001732951089078,0.2912568,1679.8584,2026-03-24 20:30:12.627239+00:00,2026-03-24 21:00:14.251000+00:00,roi,LiqCascadeStrategy_V04,2026-03-24 00:00:00+00:00,70523.9,86356.37486822279,True,block_longs_below,False
203,SOL/USDT:USDT,False,-0.0220694858835749,-37.6642433,1705.7679,2026-03-24 22:10:12.221185+00:00,2026-03-24 22:45:16.970000+00:00,time_stop,LiqCascadeStrategy_V04,2026-03-24 00:00:00+00:00,90.75,127.55391921498017,True,block_longs_below,False
204,ETH/USDT:USDT,True,-0.0104527197635757,-17.81909091,1705.585275,2026-03-24 22:35:07.653333+00:00,2026-03-24 23:10:12.696000+00:00,time_stop,LiqCascadeStrategy_V04,2026-03-24 00:00:00+00:00,2155.29,2785.8346348234604,False,block_shorts_above,False
205,BTC/USDT:USDT,False,0.0048140315424719,8.1494256,1692.0024,2026-03-24 23:10:07.824204+00:00,2026-03-24 23:40:12.893000+00:00,roi,LiqCascadeStrategy_V04,2026-03-24 00:00:00+00:00,70523.9,86356.37486822279,True,block_longs_below,False
206,BTC/USDT:USDT,True,0.0001504404097089,0.25481703,1694.6544,2026-03-24 23:50:07.673120+00:00,2026-03-25 00:21:42.004000+00:00,roi,LiqCascadeStrategy_V04,2026-03-24 00:00:00+00:00,70523.9,86356.37486822279,False,block_shorts_above,False
207,ETH/USDT:USDT,True,-0.0030766521524487,-5.21504447,1695.886645,2026-03-25 01:20:11.405891+00:00,2026-03-25 01:55:12.999000+00:00,time_stop,LiqCascadeStrategy_V04,2026-03-25 00:00:00+00:00,2168.0,2779.6870253178104,False,block_shorts_above,False
208,XRP/USDT:USDT,True,-0.013053149914884,-22.13624196,1696.70277,2026-03-25 01:20:12.650445+00:00,2026-03-25 01:55:13.940000+00:00,time_stop,LiqCascadeStrategy_V04,2026-03-25 00:00:00+00:00,1.4138,1.9153601421354833,False,block_shorts_above,False
209,BTC/USDT:USDT,True,0.0001139777097743,0.18929955,1661.67795,2026-03-25 01:30:07.272705+00:00,2026-03-25 02:00:31.011000+00:00,roi,LiqCascadeStrategy_V04,2026-03-25 00:00:00+00:00,71297.5,86206.53528807247,False,block_shorts_above,False
210,BTC/USDT:USDT,True,-0.0092672399531996,-15.6613704,1690.8168,2026-03-25 03:20:07.616181+00:00,2026-03-25 03:55:12.573000+00:00,time_stop,LiqCascadeStrategy_V04,2026-03-25 00:00:00+00:00,71297.5,86206.53528807247,False,block_shorts_above,False
211,ETH/USDT:USDT,False,-0.005818477913639,-9.82615159,1687.93989,2026-03-25 05:10:07.643856+00:00,2026-03-25 05:45:12.802000+00:00,time_stop,LiqCascadeStrategy_V04,2026-03-25 00:00:00+00:00,2168.0,2779.6870253178104,True,block_longs_below,False
212,BNB/USDT:USDT,False,-0.0080868064928808,-13.6601043,1688.33985,2026-03-25 05:10:08.877292+00:00,2026-03-25 05:45:13.755000+00:00,time_stop,LiqCascadeStrategy_V04,2026-03-25 00:00:00+00:00,647.85,782.7812394006456,True,block_longs_below,False
213,BTC/USDT:USDT,False,-0.003442299078021,-5.7617253,1672.965,2026-03-25 05:10:12.650585+00:00,2026-03-25 05:45:14.697000+00:00,time_stop,LiqCascadeStrategy_V04,2026-03-25 00:00:00+00:00,71297.5,86206.53528807247,True,block_longs_below,False
214,SOL/USDT:USDT,False,-0.0100381681325176,-16.9552205,1688.23105,2026-03-25 05:10:13.858901+00:00,2026-03-25 05:45:15.651000+00:00,time_stop,LiqCascadeStrategy_V04,2026-03-25 00:00:00+00:00,91.65,127.196666217794,True,block_longs_below,False
215,BTC/USDT:USDT,True,-0.0050479933117255,-8.429262,1670.65965,2026-03-25 06:00:10.423168+00:00,2026-03-25 06:35:12.671000+00:00,time_stop,LiqCascadeStrategy_V04,2026-03-25 00:00:00+00:00,71297.5,86206.53528807247,False,block_shorts_above,False
216,SOL/USDT:USDT,True,-0.0046987739193106,-7.87844001,1677.54,2026-03-25 07:50:02.861127+00:00,2026-03-25 08:25:07.949000+00:00,time_stop,LiqCascadeStrategy_V04,2026-03-25 00:00:00+00:00,91.65,127.196666217794,False,block_shorts_above,False
217,ETH/USDT:USDT,True,-0.0063276800304298,-10.6075954,1677.218475,2026-03-25 07:50:12.832536+00:00,2026-03-25 08:25:16.981000+00:00,time_stop,LiqCascadeStrategy_V04,2026-03-25 00:00:00+00:00,2168.0,2779.6870253178104,False,block_shorts_above,False
218,ETH/USDT:USDT,False,-0.0126181207280394,-21.12794397,1673.5761,2026-03-25 08:35:12.338216+00:00,2026-03-25 09:10:16.984000+00:00,time_stop,LiqCascadeStrategy_V04,2026-03-25 00:00:00+00:00,2168.0,2779.6870253178104,True,block_longs_below,False
219,BTC/USDT:USDT,False,-0.0035217281559637,-5.84231115,1658.103975,2026-03-25 10:00:12.977983+00:00,2026-03-25 10:35:16.991000+00:00,time_stop,LiqCascadeStrategy_V04,2026-03-25 00:00:00+00:00,71297.5,86206.53528807247,True,block_longs_below,False
220,XRP/USDT:USDT,False,-0.0063288174158289,-10.56422877,1668.39215,2026-03-25 11:15:12.831560+00:00,2026-03-25 11:50:17.008000+00:00,time_stop,LiqCascadeStrategy_V04,2026-03-25 00:00:00+00:00,1.4138,1.9153601421354833,True,block_longs_below,False
221,ETH/USDT:USDT,False,-0.0135841420531874,-22.66869947,1667.9279925,2026-03-25 11:35:03.004250+00:00,2026-03-25 12:10:08.034000+00:00,time_stop,LiqCascadeStrategy_V04,2026-03-25 00:00:00+00:00,2168.0,2779.6870253178104,True,block_longs_below,False
222,SOL/USDT:USDT,False,-0.0129864373725734,-21.6766674,1668.3432,2026-03-25 11:35:12.482932+00:00,2026-03-25 12:10:16.998000+00:00,time_stop,LiqCascadeStrategy_V04,2026-03-25 00:00:00+00:00,91.65,127.196666217794,True,block_longs_below,False
223,BTC/USDT:USDT,True,0.0051319864830848,8.4469409,1646.7632,2026-03-25 11:50:08.398970+00:00,2026-03-25 12:20:12.975000+00:00,roi,LiqCascadeStrategy_V04,2026-03-25 00:00:00+00:00,71297.5,86206.53528807247,False,block_shorts_above,False
224,BTC/USDT:USDT,True,-0.0179067183523645,-29.2794531,1635.9279,2026-03-25 12:25:07.494294+00:00,2026-03-25 13:00:11.161000+00:00,time_stop,LiqCascadeStrategy_V04,2026-03-25 00:00:00+00:00,71297.5,86206.53528807247,False,block_shorts_above,False
225,SOL/USDT:USDT,True,-0.0143443273827287,-23.78555915,1659.01525,2026-03-25 12:25:08.703917+00:00,2026-03-25 13:00:12.120000+00:00,time_stop,LiqCascadeStrategy_V04,2026-03-25 00:00:00+00:00,91.65,127.196666217794,False,block_shorts_above,False
226,XRP/USDT:USDT,True,-0.0086418394460834,-14.33250735,1659.33159,2026-03-25 12:25:09.913026+00:00,2026-03-25 13:00:13.115000+00:00,time_stop,LiqCascadeStrategy_V04,2026-03-25 00:00:00+00:00,1.4138,1.9153601421354833,False,block_shorts_above,False
227,BNB/USDT:USDT,False,-0.02659608126971,-43.7538024,1644.3,2026-03-25 13:40:12.194586+00:00,2026-03-25 14:15:17.419000+00:00,time_stop,LiqCascadeStrategy_V04,2026-03-25 00:00:00+00:00,647.85,782.7812394006456,True,block_longs_below,False
228,SOL/USDT:USDT,True,0.0027734192299401,4.5377514,1636.97625,2026-03-25 14:25:12.573015+00:00,2026-03-25 14:55:16.976000+00:00,roi,LiqCascadeStrategy_V04,2026-03-25 00:00:00+00:00,91.65,127.196666217794,False,block_shorts_above,False
229,BTC/USDT:USDT,True,0.000731112555508,1.1921636,1631.4314,2026-03-25 15:10:07.586062+00:00,2026-03-25 15:40:12.780000+00:00,roi,LiqCascadeStrategy_V04,2026-03-25 00:00:00+00:00,71297.5,86206.53528807247,False,block_shorts_above,False
230,ETH/USDT:USDT,True,0.0043432548934127,7.10910284,1637.633375,2026-03-25 15:10:12.609779+00:00,2026-03-25 15:40:13.784000+00:00,roi,LiqCascadeStrategy_V04,2026-03-25 00:00:00+00:00,2168.0,2779.6870253178104,False,block_shorts_above,False
231,SOL/USDT:USDT,True,-0.0028757142088247,-4.7062589,1637.37175,2026-03-25 15:10:13.848556+00:00,2026-03-25 15:45:17.003000+00:00,time_stop,LiqCascadeStrategy_V04,2026-03-25 00:00:00+00:00,91.65,127.196666217794,False,block_shorts_above,False
232,BNB/USDT:USDT,True,-0.0097487546402939,-15.95539395,1637.47845,2026-03-25 15:20:13.103965+00:00,2026-03-25 15:55:16.967000+00:00,time_stop,LiqCascadeStrategy_V04,2026-03-25 00:00:00+00:00,647.85,782.7812394006456,False,block_shorts_above,False
233,BTC/USDT:USDT,False,-0.012394139111982,-20.139665,1624.1225,2026-03-25 16:30:12.775577+00:00,2026-03-25 17:05:17.022000+00:00,time_stop,LiqCascadeStrategy_V04,2026-03-25 00:00:00+00:00,71297.5,86206.53528807247,True,block_longs_below,False
234,ETH/USDT:USDT,True,-0.0045842634359206,-7.47500503,1631.39499,2026-03-25 20:25:12.857934+00:00,2026-03-25 21:00:16.737000+00:00,time_stop,LiqCascadeStrategy_V04,2026-03-25 00:00:00+00:00,2168.0,2779.6870253178104,False,block_shorts_above,False
235,BTC/USDT:USDT,False,0.018317886836116,29.5950473,1614.829125,2026-03-25 22:20:08.047130+00:00,2026-03-25 22:50:12.396000+00:00,roi,LiqCascadeStrategy_V04,2026-03-25 00:00:00+00:00,71297.5,86206.53528807247,True,block_longs_below,False
236,ETH/USDT:USDT,False,-0.0018839865674119,-3.07204065,1629.791555,2026-03-25 22:35:07.709457+00:00,2026-03-25 23:10:12.707000+00:00,time_stop,LiqCascadeStrategy_V04,2026-03-25 00:00:00+00:00,2168.0,2779.6870253178104,True,block_longs_below,False
237,ETH/USDT:USDT,True,0.0112332251673471,18.36018716,1635.2714,2026-03-26 02:10:08.049109+00:00,2026-03-26 02:40:12.698000+00:00,roi,LiqCascadeStrategy_V04,2026-03-26 00:00:00+00:00,2059.17,2772.517700298509,False,block_shorts_above,False
238,BTC/USDT:USDT,True,0.0042313126688273,6.9117162,1634.2857,2026-03-26 02:15:07.961903+00:00,2026-03-26 02:45:08.735000+00:00,roi,LiqCascadeStrategy_V04,2026-03-26 00:00:00+00:00,68788.0,86033.2164955217,False,block_shorts_above,False
239,SOL/USDT:USDT,True,0.0043650114530949,7.1341677,1635.216,2026-03-26 02:20:08.079838+00:00,2026-03-26 02:50:12.731000+00:00,roi,LiqCascadeStrategy_V04,2026-03-26 00:00:00+00:00,86.47,126.79142567966908,False,block_shorts_above,False
240,XRP/USDT:USDT,True,0.004277809181054,6.99261853,1635.44382,2026-03-26 02:35:13.020075+00:00,2026-03-26 03:05:16.996000+00:00,roi,LiqCascadeStrategy_V04,2026-03-26 00:00:00+00:00,1.3599,1.909833174479889,False,block_shorts_above,False
241,XRP/USDT:USDT,True,-0.0123096534346109,-20.21761271,1643.2409475,2026-03-26 03:25:07.175944+00:00,2026-03-26 04:00:09.770000+00:00,time_stop,LiqCascadeStrategy_V04,2026-03-26 00:00:00+00:00,1.3599,1.909833174479889,False,block_shorts_above,False
242,SOL/USDT:USDT,True,-0.0064184784360406,-10.539325,1642.85,2026-03-26 03:30:08.073543+00:00,2026-03-26 04:05:11.949000+00:00,time_stop,LiqCascadeStrategy_V04,2026-03-26 00:00:00+00:00,86.47,126.79142567966908,False,block_shorts_above,False
243,BNB/USDT:USDT,True,0.0111461790364275,18.2252565,1635.93045,2026-03-26 05:15:12.004950+00:00,2026-03-26 05:45:16.958000+00:00,roi,LiqCascadeStrategy_V04,2026-03-26 00:00:00+00:00,628.75,781.248589956447,False,block_shorts_above,False
244,BTC/USDT:USDT,True,0.0042764361267274,6.9101292,1616.67,2026-03-26 05:50:12.961389+00:00,2026-03-26 06:20:13.747000+00:00,roi,LiqCascadeStrategy_V04,2026-03-26 00:00:00+00:00,68788.0,86033.2164955217,False,block_shorts_above,False
245,ETH/USDT:USDT,True,0.001699538475758,2.78638798,1640.31701,2026-03-26 05:50:14.210106+00:00,2026-03-26 06:20:18.710000+00:00,roi,LiqCascadeStrategy_V04,2026-03-26 00:00:00+00:00,2059.17,2772.517700298509,False,block_shorts_above,False
246,BNB/USDT:USDT,True,0.0062430750726361,10.2358825,1640.378,2026-03-26 05:50:15.447188+00:00,2026-03-26 06:20:19.679000+00:00,roi,LiqCascadeStrategy_V04,2026-03-26 00:00:00+00:00,628.75,781.248589956447,False,block_shorts_above,False
247,BTC/USDT:USDT,False,-0.0113626386835258,-18.33152173,1612.5093,2026-03-26 07:55:03.298029+00:00,2026-03-26 08:30:07.869000+00:00,time_stop,LiqCascadeStrategy_V04,2026-03-26 00:00:00+00:00,68788.0,86033.2164955217,True,block_longs_below,False
248,BTC/USDT:USDT,False,-0.0180114268432898,-29.0234654,1610.5865,2026-03-26 09:10:07.682284+00:00,2026-03-26 09:45:08.434000+00:00,time_stop,LiqCascadeStrategy_V04,2026-03-26 00:00:00+00:00,68788.0,86033.2164955217,True,block_longs_below,False
249,BNB/USDT:USDT,False,3.44589488857124e-05,0.0564764,1638.1282,2026-03-26 09:35:10.499987+00:00,2026-03-26 10:06:12.454000+00:00,roi,LiqCascadeStrategy_V04,2026-03-26 00:00:00+00:00,628.75,781.248589956447,True,block_longs_below,False
250,ETH/USDT:USDT,True,0.0008180094978246,1.3413884,1640.6404,2026-03-26 09:35:06.570259+00:00,2026-03-26 10:09:06.990000+00:00,roi,LiqCascadeStrategy_V04,2026-03-26 00:00:00+00:00,2059.17,2772.517700298509,False,block_shorts_above,False
251,SOL/USDT:USDT,True,-0.0108495702645531,-17.7958294,1641.0541,2026-03-26 09:35:09.273520+00:00,2026-03-26 10:10:11.987000+00:00,time_stop,LiqCascadeStrategy_V04,2026-03-26 00:00:00+00:00,86.47,126.79142567966908,False,block_shorts_above,False
252,XRP/USDT:USDT,True,-0.0042945842699716,-7.04419379,1641.0709875,2026-03-26 09:35:11.701007+00:00,2026-03-26 10:10:12.971000+00:00,time_stop,LiqCascadeStrategy_V04,2026-03-26 00:00:00+00:00,1.3599,1.909833174479889,False,block_shorts_above,False
253,ETH/USDT:USDT,True,-0.0060097356277726,-9.82338532,1635.39631,2026-03-26 10:10:08.152687+00:00,2026-03-26 10:45:12.598000+00:00,time_stop,LiqCascadeStrategy_V04,2026-03-26 00:00:00+00:00,2059.17,2772.517700298509,False,block_shorts_above,False
254,BTC/USDT:USDT,True,0.0010130909065599,1.6490514,1628.55705,2026-03-26 11:25:12.139381+00:00,2026-03-26 12:00:10.087000+00:00,roi,LiqCascadeStrategy_V04,2026-03-26 00:00:00+00:00,68788.0,86033.2164955217,False,block_shorts_above,False
255,BTC/USDT:USDT,False,0.0002512080135244,0.4013822,1597.0096,2026-03-26 13:10:07.670692+00:00,2026-03-26 13:44:56.997000+00:00,roi,LiqCascadeStrategy_V04,2026-03-26 00:00:00+00:00,68788.0,86033.2164955217,True,block_longs_below,False
256,BTC/USDT:USDT,False,-0.0061863822017332,-9.9103757,1601.1657,2026-03-26 13:50:07.781239+00:00,2026-03-26 14:25:10.786000+00:00,time_stop,LiqCascadeStrategy_V04,2026-03-26 00:00:00+00:00,68788.0,86033.2164955217,True,block_longs_below,False
257,ETH/USDT:USDT,False,-0.0127885338988668,-20.84443678,1629.11714,2026-03-26 13:50:09.440521+00:00,2026-03-26 14:25:11.792000+00:00,time_stop,LiqCascadeStrategy_V04,2026-03-26 00:00:00+00:00,2059.17,2772.517700298509,True,block_longs_below,False
258,SOL/USDT:USDT,False,-0.0126834978232809,-20.67227085,1629.04115,2026-03-26 13:50:10.834707+00:00,2026-03-26 14:25:12.786000+00:00,time_stop,LiqCascadeStrategy_V04,2026-03-26 00:00:00+00:00,86.47,126.79142567966908,True,block_longs_below,False
259,XRP/USDT:USDT,False,-0.0119897294631183,-19.54235374,1629.10994,2026-03-26 13:55:09.205986+00:00,2026-03-26 14:30:12.714000+00:00,time_stop,LiqCascadeStrategy_V04,2026-03-26 00:00:00+00:00,1.3599,1.909833174479889,True,block_longs_below,False
260,BTC/USDT:USDT,True,0.0142934925464135,23.00742345,1610.44845,2026-03-26 14:55:12.627448+00:00,2026-03-26 15:25:17.031000+00:00,roi,LiqCascadeStrategy_V04,2026-03-26 00:00:00+00:00,68788.0,86033.2164955217,False,block_shorts_above,False
261,BNB/USDT:USDT,True,-0.0100699288020388,-16.2466535,1614.19025,2026-03-26 15:20:04.281502+00:00,2026-03-26 15:55:08.065000+00:00,time_stop,LiqCascadeStrategy_V04,2026-03-26 00:00:00+00:00,628.75,781.248589956447,False,block_shorts_above,False
262,ETH/USDT:USDT,True,-0.0225669176920141,-36.42626312,1614.951845,2026-03-26 15:20:07.910721+00:00,2026-03-26 15:55:09.067000+00:00,time_stop,LiqCascadeStrategy_V04,2026-03-26 00:00:00+00:00,2059.17,2772.517700298509,False,block_shorts_above,False
263,SOL/USDT:USDT,True,0.0010477607526533,1.685223,1609.209,2026-03-26 16:40:07.679022+00:00,2026-03-26 17:10:11.628000+00:00,roi,LiqCascadeStrategy_V04,2026-03-26 00:00:00+00:00,86.47,126.79142567966908,False,block_shorts_above,False
264,ETH/USDT:USDT,True,-0.0081753841230222,-13.1471028,1608.9372,2026-03-26 16:50:12.614341+00:00,2026-03-26 17:25:15.783000+00:00,time_stop,LiqCascadeStrategy_V04,2026-03-26 00:00:00+00:00,2059.17,2772.517700298509,False,block_shorts_above,False
265,BTC/USDT:USDT,True,0.0223615392981764,35.720091,1598.188725,2026-03-26 17:55:12.350435+00:00,2026-03-26 18:25:17.005000+00:00,roi,LiqCascadeStrategy_V04,2026-03-26 00:00:00+00:00,68788.0,86033.2164955217,False,block_shorts_above,False
266,ETH/USDT:USDT,True,0.0197253314737178,31.68154193,1606.9383,2026-03-26 18:00:08.442968+00:00,2026-03-26 18:30:10.247000+00:00,roi,LiqCascadeStrategy_V04,2026-03-26 00:00:00+00:00,2059.17,2772.517700298509,False,block_shorts_above,False
267,XRP/USDT:USDT,True,0.0004707447557558,0.75642255,1607.6673,2026-03-26 18:05:08.089213+00:00,2026-03-26 18:35:12.414000+00:00,roi,LiqCascadeStrategy_V04,2026-03-26 00:00:00+00:00,1.3599,1.909833174479889,False,block_shorts_above,False
268,BNB/USDT:USDT,True,-0.0148546952342589,-23.8378565,1605.53825,2026-03-26 18:20:08.909726+00:00,2026-03-26 18:55:12.008000+00:00,time_stop,LiqCascadeStrategy_V04,2026-03-26 00:00:00+00:00,628.75,781.248589956447,False,block_shorts_above,False
269,SOL/USDT:USDT,True,-0.0095993942917404,-15.543391,1620.0154,2026-03-26 18:30:11.350278+00:00,2026-03-26 19:05:12.596000+00:00,time_stop,LiqCascadeStrategy_V04,2026-03-26 00:00:00+00:00,86.47,126.79142567966908,False,block_shorts_above,False
270,SOL/USDT:USDT,True,0.0062874563084602,10.13323,1612.46435,2026-03-26 19:30:10.059322+00:00,2026-03-26 20:00:13.132000+00:00,roi,LiqCascadeStrategy_V04,2026-03-26 00:00:00+00:00,86.47,126.79142567966908,False,block_shorts_above,False
271,SOL/USDT:USDT,False,0.001467745017023,2.37079125,1614.45375,2026-03-26 20:15:08.976772+00:00,2026-03-26 20:45:11.219000+00:00,roi,LiqCascadeStrategy_V04,2026-03-26 00:00:00+00:00,86.47,126.79142567966908,True,block_longs_below,False
272,XRP/USDT:USDT,False,0.0071411206519517,11.53365952,1614.29783,2026-03-26 20:15:13.863762+00:00,2026-03-26 20:45:15.677000+00:00,roi,LiqCascadeStrategy_V04,2026-03-26 00:00:00+00:00,1.3599,1.909833174479889,True,block_longs_below,False
273,BTC/USDT:USDT,False,9.14335366949559e-05,0.1453945,1589.3713,2026-03-26 20:15:07.734375+00:00,2026-03-26 20:47:35.222000+00:00,roi,LiqCascadeStrategy_V04,2026-03-26 00:00:00+00:00,68788.0,86033.2164955217,True,block_longs_below,False
274,ETH/USDT:USDT,False,-0.0019990004997501,-3.22956851,1614.784255,2026-03-26 20:15:12.621805+00:00,2026-03-26 20:50:17.431000+00:00,time_stop,LiqCascadeStrategy_V04,2026-03-26 00:00:00+00:00,2059.17,2772.517700298509,True,block_longs_below,False
275,XRP/USDT:USDT,False,-0.0050679019795457,-8.19779137,1616.78236,2026-03-26 21:40:02.751594+00:00,2026-03-26 22:15:08.020000+00:00,time_stop,LiqCascadeStrategy_V04,2026-03-26 00:00:00+00:00,1.3599,1.909833174479889,True,block_longs_below,False
276,ETH/USDT:USDT,True,-0.020878803716292,-33.70286142,1615.02171,2026-03-26 22:30:07.511343+00:00,2026-03-26 23:05:12.409000+00:00,time_stop,LiqCascadeStrategy_V04,2026-03-26 00:00:00+00:00,2059.17,2772.517700298509,False,block_shorts_above,False
277,BTC/USDT:USDT,False,-0.008617076786581,-13.6670485,1585.2497,2026-03-26 23:05:07.853959+00:00,2026-03-26 23:40:12.400000+00:00,time_stop,LiqCascadeStrategy_V04,2026-03-26 00:00:00+00:00,68788.0,86033.2164955217,True,block_longs_below,False
278,ETH/USDT:USDT,True,-0.021046156726228,-33.82997092,1608.2221,2026-03-26 23:40:07.718793+00:00,2026-03-27 00:15:11.971000+00:00,time_stop,LiqCascadeStrategy_V04,2026-03-26 00:00:00+00:00,2059.17,2772.517700298509,False,block_shorts_above,False
279,BTC/USDT:USDT,True,-0.0205644048085506,-32.7641604,1594.04325,2026-03-27 00:40:07.633969+00:00,2026-03-27 01:15:12.684000+00:00,time_stop,LiqCascadeStrategy_V04,2026-03-27 00:00:00+00:00,66364.2,85837.50485118786,False,block_shorts_above,False
280,ETH/USDT:USDT,True,-0.0241359086212901,-38.56863576,1598.7767575,2026-03-27 00:40:08.857501+00:00,2026-03-27 01:15:14.032000+00:00,time_stop,LiqCascadeStrategy_V04,2026-03-27 00:00:00+00:00,1991.58,2764.747174431977,False,block_shorts_above,False
281,BTC/USDT:USDT,False,-0.0067381798958145,-10.4748705,1553.778,2026-03-27 02:05:07.624817+00:00,2026-03-27 02:40:12.838000+00:00,time_stop,LiqCascadeStrategy_V04,2026-03-27 00:00:00+00:00,66364.2,85837.50485118786,True,block_longs_below,False
282,ETH/USDT:USDT,False,-0.006662454540751,-10.56034416,1584.26096,2026-03-27 02:05:12.369982+00:00,2026-03-27 02:40:13.835000+00:00,time_stop,LiqCascadeStrategy_V04,2026-03-27 00:00:00+00:00,1991.58,2764.747174431977,True,block_longs_below,False
283,SOL/USDT:USDT,True,-0.0100566742601265,-15.88937425,1580.773375,2026-03-27 04:05:07.658933+00:00,2026-03-27 04:40:08.470000+00:00,time_stop,LiqCascadeStrategy_V04,2026-03-27 00:00:00+00:00,83.03,126.35598852498924,False,block_shorts_above,False
284,ETH/USDT:USDT,True,-0.010549949344574,-16.66490919,1580.410035,2026-03-27 04:05:12.382895+00:00,2026-03-27 04:40:16.975000+00:00,time_stop,LiqCascadeStrategy_V04,2026-03-27 00:00:00+00:00,1991.58,2764.747174431977,False,block_shorts_above,False
285,XRP/USDT:USDT,True,-0.0137297537853048,-21.69346524,1580.8234975,2026-03-27 04:20:12.786532+00:00,2026-03-27 04:55:16.949000+00:00,time_stop,LiqCascadeStrategy_V04,2026-03-27 00:00:00+00:00,1.325,1.9040139378004906,False,block_shorts_above,False
286,BTC/USDT:USDT,True,0.0405193333098275,62.9581407,1554.55755,2026-03-27 08:20:11.983091+00:00,2026-03-27 08:39:02.012000+00:00,roi,LiqCascadeStrategy_V04,2026-03-27 00:00:00+00:00,66364.2,85837.50485118786,False,block_shorts_above,False
287,ETH/USDT:USDT,True,0.0097083977104784,15.23524244,1570.0699875,2026-03-27 08:30:12.386948+00:00,2026-03-27 09:00:14.100000+00:00,roi,LiqCascadeStrategy_V04,2026-03-27 00:00:00+00:00,1991.58,2764.747174431977,False,block_shorts_above,False
288,XRP/USDT:USDT,True,0.0040375657418591,6.38642987,1582.5438125,2026-03-27 08:40:11.310876+00:00,2026-03-27 09:10:52.514000+00:00,roi,LiqCascadeStrategy_V04,2026-03-27 00:00:00+00:00,1.325,1.9040139378004906,False,block_shorts_above,False
289,BTC/USDT:USDT,True,0.0031784885754487,4.99605765,1572.6207,2026-03-27 08:40:08.016856+00:00,2026-03-27 09:11:21.979000+00:00,roi,LiqCascadeStrategy_V04,2026-03-27 00:00:00+00:00,66364.2,85837.50485118786,False,block_shorts_above,False
290,BNB/USDT:USDT,True,0.0006596875618366,1.0428462,1581.60915,2026-03-27 08:40:09.616184+00:00,2026-03-27 09:11:22.960000+00:00,roi,LiqCascadeStrategy_V04,2026-03-27 00:00:00+00:00,613.72,779.581638493939,False,block_shorts_above,False
291,SOL/USDT:USDT,True,-0.0239342143514569,-37.8535916,1582.35935,2026-03-27 08:40:14.368174+00:00,2026-03-27 09:15:16.961000+00:00,time_stop,LiqCascadeStrategy_V04,2026-03-27 00:00:00+00:00,83.03,126.35598852498924,False,block_shorts_above,False
292,ETH/USDT:USDT,True,0.0363823212440254,57.47052792,1580.41806,2026-03-27 10:45:08.071641+00:00,2026-03-27 10:54:42.465000+00:00,trailing_stop_loss,LiqCascadeStrategy_V04,2026-03-27 00:00:00+00:00,1991.58,2764.747174431977,False,block_shorts_above,False
293,SOL/USDT:USDT,True,0.010400883895185,16.4274825,1580.2215,2026-03-27 10:40:07.695106+00:00,2026-03-27 11:10:12.747000+00:00,roi,LiqCascadeStrategy_V04,2026-03-27 00:00:00+00:00,83.03,126.35598852498924,False,block_shorts_above,False
294,BNB/USDT:USDT,True,0.0073927251807513,11.678513,1580.5207,2026-03-27 10:40:12.414123+00:00,2026-03-27 11:10:13.753000+00:00,roi,LiqCascadeStrategy_V04,2026-03-27 00:00:00+00:00,613.72,779.581638493939,False,block_shorts_above,False
295,ETH/USDT:USDT,True,-0.0153046737844788,-24.34864458,1591.72455,2026-03-27 10:55:13.124330+00:00,2026-03-27 11:30:16.988000+00:00,time_stop,LiqCascadeStrategy_V04,2026-03-27 00:00:00+00:00,1991.58,2764.747174431977,False,block_shorts_above,False
296,SOL/USDT:USDT,False,-0.0147022218257474,-23.42635995,1592.5928,2026-03-27 13:25:12.395280+00:00,2026-03-27 14:00:16.979000+00:00,time_stop,LiqCascadeStrategy_V04,2026-03-27 00:00:00+00:00,83.03,126.35598852498924,True,block_longs_below,False
297,SOL/USDT:USDT,True,0.0037323986150989,5.92353,1587.8511,2026-03-27 14:00:17.544440+00:00,2026-03-27 14:30:21.950000+00:00,roi,LiqCascadeStrategy_V04,2026-03-27 00:00:00+00:00,83.03,126.35598852498924,False,block_shorts_above,False
298,ETH/USDT:USDT,False,-0.0086328977511868,-13.714376,1587.824,2026-03-27 14:10:12.589080+00:00,2026-03-27 14:45:16.985000+00:00,time_stop,LiqCascadeStrategy_V04,2026-03-27 00:00:00+00:00,1991.58,2764.747174431977,True,block_longs_below,False
299,BTC/USDT:USDT,True,-0.021484178529306,-33.958728,1581.4296,2026-03-27 14:25:12.632097+00:00,2026-03-27 15:00:17.072000+00:00,time_stop,LiqCascadeStrategy_V04,2026-03-27 00:00:00+00:00,66364.2,85837.50485118786,False,block_shorts_above,False
300,BTC/USDT:USDT,False,0.0008394894536252,1.3059796,1554.9057,2026-03-27 15:00:17.697803+00:00,2026-03-27 15:30:21.975000+00:00,roi,LiqCascadeStrategy_V04,2026-03-27 00:00:00+00:00,66364.2,85837.50485118786,True,block_longs_below,False
301,SOL/USDT:USDT,False,0.00088134692865,1.392765,1579.479,2026-03-27 15:25:07.855202+00:00,2026-03-27 15:55:12.599000+00:00,roi,LiqCascadeStrategy_V04,2026-03-27 00:00:00+00:00,83.03,126.35598852498924,True,block_longs_below,False
302,ETH/USDT:USDT,False,-0.0049762662870325,-7.86283807,1579.27815,2026-03-27 15:25:12.846913+00:00,2026-03-27 16:00:17.424000+00:00,time_stop,LiqCascadeStrategy_V04,2026-03-27 00:00:00+00:00,1991.58,2764.747174431977,True,block_longs_below,False
303,BTC/USDT:USDT,True,0.0009666402189655,1.51259,1565.573875,2026-03-27 16:05:07.731913+00:00,2026-03-27 16:37:37.011000+00:00,roi,LiqCascadeStrategy_V04,2026-03-27 00:00:00+00:00,66364.2,85837.50485118786,False,block_shorts_above,False
304,SOL/USDT:USDT,True,-0.0282393012486873,-44.564711,1578.899,2026-03-27 16:40:12.909307+00:00,2026-03-27 17:15:16.997000+00:00,time_stop,LiqCascadeStrategy_V04,2026-03-27 00:00:00+00:00,83.03,126.35598852498924,False,block_shorts_above,False
305,SOL/USDT:USDT,True,0.0032948074085639,5.1704695,1570.06325,2026-03-27 17:45:07.650955+00:00,2026-03-27 18:15:12.382000+00:00,roi,LiqCascadeStrategy_V04,2026-03-27 00:00:00+00:00,83.03,126.35598852498924,False,block_shorts_above,False
306,XRP/USDT:USDT,True,0.0002353584381577,0.36937106,1570.1830825,2026-03-27 17:50:07.847304+00:00,2026-03-27 18:22:12.012000+00:00,roi,LiqCascadeStrategy_V04,2026-03-27 00:00:00+00:00,1.325,1.9040139378004906,False,block_shorts_above,False
307,XRP/USDT:USDT,True,-0.0167584361095059,-26.31905904,1571.28177,2026-03-27 18:25:07.457525+00:00,2026-03-27 19:00:09.392000+00:00,time_stop,LiqCascadeStrategy_V04,2026-03-27 00:00:00+00:00,1.325,1.9040139378004906,False,block_shorts_above,False
308,ETH/USDT:USDT,True,-0.0054789475118861,-8.60232912,1570.8550625,2026-03-27 18:30:07.858236+00:00,2026-03-27 19:05:12.612000+00:00,time_stop,LiqCascadeStrategy_V04,2026-03-27 00:00:00+00:00,1991.58,2764.747174431977,False,block_shorts_above,False
309,XRP/USDT:USDT,False,-0.0065132368293937,-10.19406069,1564.34757,2026-03-27 19:35:12.343365+00:00,2026-03-27 20:10:17.009000+00:00,time_stop,LiqCascadeStrategy_V04,2026-03-27 00:00:00+00:00,1.325,1.9040139378004906,True,block_longs_below,False
310,ETH/USDT:USDT,False,-0.0114836112424698,-17.96593244,1563.702705,2026-03-27 20:00:13.084706+00:00,2026-03-27 20:35:16.937000+00:00,time_stop,LiqCascadeStrategy_V04,2026-03-27 00:00:00+00:00,1991.58,2764.747174431977,True,block_longs_below,False
311,XRP/USDT:USDT,False,-0.0123528922733526,-19.26515627,1558.78705,2026-03-27 21:35:12.151876+00:00,2026-03-27 22:10:16.979000+00:00,time_stop,LiqCascadeStrategy_V04,2026-03-27 00:00:00+00:00,1.325,1.9040139378004906,True,block_longs_below,False
312,BTC/USDT:USDT,True,-0.003790095866279,-5.8873751,1554.1349,2026-03-28 01:15:07.658534+00:00,2026-03-28 01:50:12.550000+00:00,time_stop,LiqCascadeStrategy_V04,2026-03-28 00:00:00+00:00,66334.8,85643.44804977169,False,block_shorts_above,False
313,ETH/USDT:USDT,True,-0.0090208860571077,-14.01978828,1554.9250475,2026-03-28 01:15:08.919733+00:00,2026-03-28 01:50:13.536000+00:00,time_stop,LiqCascadeStrategy_V04,2026-03-28 00:00:00+00:00,1993.48,2757.072872736412,False,block_shorts_above,False
314,XRP/USDT:USDT,True,-0.0112501566819011,-17.4408692,1551.05342,2026-03-28 04:10:12.147572+00:00,2026-03-28 04:45:16.971000+00:00,time_stop,LiqCascadeStrategy_V04,2026-03-28 00:00:00+00:00,1.3327,1.8983292209255749,False,block_shorts_above,False
315,SOL/USDT:USDT,False,-0.0044170096967733,-6.8540532,1550.9651,2026-03-28 04:25:07.849131+00:00,2026-03-28 05:00:08.726000+00:00,time_stop,LiqCascadeStrategy_V04,2026-03-28 00:00:00+00:00,82.0,125.91463532180585,True,block_longs_below,False
316,XRP/USDT:USDT,False,-0.0085561754067398,-13.2364241,1546.22931,2026-03-28 05:45:07.659020+00:00,2026-03-28 06:20:13.147000+00:00,time_stop,LiqCascadeStrategy_V04,2026-03-28 00:00:00+00:00,1.3327,1.8983292209255749,True,block_longs_below,False
317,ETH/USDT:USDT,True,-0.0275949098709924,-42.64365216,1546.11792,2026-03-28 05:45:12.525269+00:00,2026-03-28 06:20:14.156000+00:00,time_stop,LiqCascadeStrategy_V04,2026-03-28 00:00:00+00:00,1993.48,2757.072872736412,False,block_shorts_above,False
318,BTC/USDT:USDT,False,-0.0042068593890753,-6.4301836,1527.7359,2026-03-28 06:20:14.714548+00:00,2026-03-28 06:55:16.977000+00:00,time_stop,LiqCascadeStrategy_V04,2026-03-28 00:00:00+00:00,66334.8,85643.44804977169,True,block_longs_below,False
319,ETH/USDT:USDT,False,-0.0060469882328401,-9.2868308,1535.01038,2026-03-28 06:20:15.970424+00:00,2026-03-28 06:55:18.346000+00:00,time_stop,LiqCascadeStrategy_V04,2026-03-28 00:00:00+00:00,1993.48,2757.072872736412,True,block_longs_below,False
320,BTC/USDT:USDT,False,-0.0031656569642399,-4.84540053,1529.8496,2026-03-28 08:00:08.226704+00:00,2026-03-28 08:35:12.693000+00:00,time_stop,LiqCascadeStrategy_V04,2026-03-28 00:00:00+00:00,66334.8,85643.44804977169,True,block_longs_below,False
321,SOL/USDT:USDT,False,-0.0037259119989237,-5.71072831,1531.9402,2026-03-28 08:00:09.520240+00:00,2026-03-28 08:35:13.656000+00:00,time_stop,LiqCascadeStrategy_V04,2026-03-28 00:00:00+00:00,82.0,125.91463532180585,True,block_longs_below,False
322,SOL/USDT:USDT,True,0.012805395261795,19.58008505,1529.81455,2026-03-28 08:55:07.670869+00:00,2026-03-28 09:25:12.769000+00:00,roi,LiqCascadeStrategy_V04,2026-03-28 00:00:00+00:00,82.0,125.91463532180585,False,block_shorts_above,False
323,ETH/USDT:USDT,True,-0.0035010223157312,-5.35226883,1529.537895,2026-03-28 08:55:02.635282+00:00,2026-03-28 09:30:08.039000+00:00,time_stop,LiqCascadeStrategy_V04,2026-03-28 00:00:00+00:00,1993.48,2757.072872736412,False,block_shorts_above,False
324,BTC/USDT:USDT,True,-0.0009795390071851,-1.4945262,1526.5077,2026-03-28 08:55:12.615851+00:00,2026-03-28 09:30:16.946000+00:00,time_stop,LiqCascadeStrategy_V04,2026-03-28 00:00:00+00:00,66334.8,85643.44804977169,False,block_shorts_above,False
325,BTC/USDT:USDT,True,0.0036936699088486,5.6284128,1524.5619,2026-03-28 10:15:07.644446+00:00,2026-03-28 10:45:12.904000+00:00,roi,LiqCascadeStrategy_V04,2026-03-28 00:00:00+00:00,66334.8,85643.44804977169,False,block_shorts_above,False
326,ETH/USDT:USDT,False,0.0012620130571948,1.93561965,1532.98915,2026-03-28 11:55:07.566330+00:00,2026-03-28 12:25:08.616000+00:00,roi,LiqCascadeStrategy_V04,2026-03-28 00:00:00+00:00,1993.48,2757.072872736412,True,block_longs_below,False
327,BTC/USDT:USDT,False,0.0031882591214262,4.8859751,1531.7241,2026-03-28 13:35:12.177252+00:00,2026-03-28 14:05:13.106000+00:00,roi,LiqCascadeStrategy_V04,2026-03-28 00:00:00+00:00,66334.8,85643.44804977169,True,block_longs_below,False
328,ETH/USDT:USDT,False,-0.0054961425706631,-8.4315546,1533.3192,2026-03-28 13:45:02.985112+00:00,2026-03-28 14:20:08.032000+00:00,time_stop,LiqCascadeStrategy_V04,2026-03-28 00:00:00+00:00,1993.48,2757.072872736412,True,block_longs_below,False
329,XRP/USDT:USDT,False,-0.0059947065205268,-9.2003795,1533.98362,2026-03-28 13:45:07.981835+00:00,2026-03-28 14:20:09.028000+00:00,time_stop,LiqCascadeStrategy_V04,2026-03-28 00:00:00+00:00,1.3327,1.8983292209255749,True,block_longs_below,False
330,SOL/USDT:USDT,False,-0.0079860585109578,-12.2522918,1533.4434,2026-03-28 13:45:13.081756+00:00,2026-03-28 14:20:17.017000+00:00,time_stop,LiqCascadeStrategy_V04,2026-03-28 00:00:00+00:00,82.0,125.91463532180585,True,block_longs_below,False
331,BNB/USDT:USDT,False,-0.002874435035898,-4.40384245,1531.3067,2026-03-28 13:45:14.316250+00:00,2026-03-28 14:20:18.021000+00:00,time_stop,LiqCascadeStrategy_V04,2026-03-28 00:00:00+00:00,610.9,777.9032139126542,True,block_longs_below,False
332,BTC/USDT:USDT,False,-0.0039750592003755,-5.99863725,1508.3145,2026-03-28 15:20:08.324458+00:00,2026-03-28 15:55:12.576000+00:00,time_stop,LiqCascadeStrategy_V04,2026-03-28 00:00:00+00:00,66334.8,85643.44804977169,True,block_longs_below,False
333,ETH/USDT:USDT,True,0.0031998905303038,4.88672222,1527.916895,2026-03-28 15:35:07.814687+00:00,2026-03-28 16:05:12.604000+00:00,roi,LiqCascadeStrategy_V04,2026-03-28 00:00:00+00:00,1993.48,2757.072872736412,False,block_shorts_above,False
334,BTC/USDT:USDT,True,0.0001966670643754,0.29894865,1520.835225,2026-03-28 16:50:07.711755+00:00,2026-03-28 17:21:16.978000+00:00,roi,LiqCascadeStrategy_V04,2026-03-28 00:00:00+00:00,66334.8,85643.44804977169,False,block_shorts_above,False
335,SOL/USDT:USDT,True,0.0065474653494411,9.9984859,1527.84125,2026-03-28 17:00:13.268409+00:00,2026-03-28 17:30:15.597000+00:00,roi,LiqCascadeStrategy_V04,2026-03-28 00:00:00+00:00,82.0,125.91463532180585,False,block_shorts_above,False
336,SOL/USDT:USDT,True,-0.0054476630540568,-8.33018325,1529.894625,2026-03-28 19:15:12.178251+00:00,2026-03-28 19:50:12.992000+00:00,time_stop,LiqCascadeStrategy_V04,2026-03-28 00:00:00+00:00,82.0,125.91463532180585,False,block_shorts_above,False
337,XRP/USDT:USDT,True,-0.0037038845534002,-5.66408163,1529.992365,2026-03-28 19:15:13.490223+00:00,2026-03-28 19:50:18.053000+00:00,time_stop,LiqCascadeStrategy_V04,2026-03-28 00:00:00+00:00,1.3327,1.8983292209255749,False,block_shorts_above,False
338,SOL/USDT:USDT,True,0.0123861136057375,18.904563,1527.034275,2026-03-28 21:10:12.509490+00:00,2026-03-28 21:40:16.960000+00:00,roi,LiqCascadeStrategy_V04,2026-03-28 00:00:00+00:00,82.0,125.91463532180585,False,block_shorts_above,False
339,ETH/USDT:USDT,True,0.0024175035585582,3.69841742,1530.6151425,2026-03-28 21:50:12.212963+00:00,2026-03-28 22:20:16.948000+00:00,roi,LiqCascadeStrategy_V04,2026-03-28 00:00:00+00:00,1993.48,2757.072872736412,False,block_shorts_above,False
340,SOL/USDT:USDT,True,-0.0136992691065804,-20.960722,1530.82675,2026-03-28 21:55:12.686509+00:00,2026-03-28 22:30:16.996000+00:00,time_stop,LiqCascadeStrategy_V04,2026-03-28 00:00:00+00:00,82.0,125.91463532180585,False,block_shorts_above,False
341,XRP/USDT:USDT,True,-0.0060909936190554,-9.31889517,1530.7119875,2026-03-28 21:55:13.913546+00:00,2026-03-28 22:30:17.979000+00:00,time_stop,LiqCascadeStrategy_V04,2026-03-28 00:00:00+00:00,1.3327,1.8983292209255749,False,block_shorts_above,False
342,BTC/USDT:USDT,True,0.0040676719112694,6.15427995,1513.7304,2026-03-28 23:10:07.678446+00:00,2026-03-28 23:40:13.148000+00:00,roi,LiqCascadeStrategy_V04,2026-03-28 00:00:00+00:00,66334.8,85643.44804977169,False,block_shorts_above,False
343,ETH/USDT:USDT,True,0.0101907041547413,15.54128444,1525.8081025,2026-03-28 23:10:08.930852+00:00,2026-03-28 23:40:14.144000+00:00,roi,LiqCascadeStrategy_V04,2026-03-28 00:00:00+00:00,1993.48,2757.072872736412,False,block_shorts_above,False
344,SOL/USDT:USDT,True,0.0086319858958605,13.1626838,1525.636,2026-03-28 23:10:10.163192+00:00,2026-03-28 23:40:15.104000+00:00,roi,LiqCascadeStrategy_V04,2026-03-28 00:00:00+00:00,82.0,125.91463532180585,False,block_shorts_above,False
345,BNB/USDT:USDT,True,0.0097621635842359,14.8827147,1525.293,2026-03-28 23:10:11.418395+00:00,2026-03-28 23:40:16.071000+00:00,roi,LiqCascadeStrategy_V04,2026-03-28 00:00:00+00:00,610.9,777.9032139126542,False,block_shorts_above,False
346,XRP/USDT:USDT,True,0.0025914154682131,3.95169029,1525.6786,2026-03-28 23:10:14.524971+00:00,2026-03-28 23:40:17.037000+00:00,roi,LiqCascadeStrategy_V04,2026-03-28 00:00:00+00:00,1.3327,1.8983292209255749,False,block_shorts_above,False
347,BNB/USDT:USDT,True,-0.005640997136745,-8.6603019,1536.0111,2026-03-29 00:00:08.965672+00:00,2026-03-29 00:35:12.550000+00:00,time_stop,LiqCascadeStrategy_V04,2026-03-29 00:00:00+00:00,605.86,776.1913408166338,False,block_shorts_above,False
348,BTC/USDT:USDT,True,0.0004457048603865,0.6807264,1528.0671,2026-03-29 00:05:07.842205+00:00,2026-03-29 00:35:13.894000+00:00,roi,LiqCascadeStrategy_V04,2026-03-29 00:00:00+00:00,65977.9,85447.77091808317,False,block_shorts_above,False
349,BTC/USDT:USDT,False,-0.0014912615087624,-2.2821313,1529.5713,2026-03-29 01:25:03.083007+00:00,2026-03-29 02:00:06.348000+00:00,time_stop,LiqCascadeStrategy_V04,2026-03-29 00:00:00+00:00,65977.9,85447.77091808317,True,block_longs_below,False
350,BTC/USDT:USDT,False,0.0014811846963446,2.2718503,1533.0397,2026-03-29 02:25:07.376190+00:00,2026-03-29 02:55:08.131000+00:00,roi,LiqCascadeStrategy_V04,2026-03-29 00:00:00+00:00,65977.9,85447.77091808317,True,block_longs_below,False
351,SOL/USDT:USDT,False,0.0013874418722842,2.1298095,1534.295,2026-03-29 02:40:08.107080+00:00,2026-03-29 03:10:12.860000+00:00,roi,LiqCascadeStrategy_V04,2026-03-29 00:00:00+00:00,81.34,125.47110652902786,True,block_longs_below,False
352,ETH/USDT:USDT,False,-0.005332606958282,-8.18714136,1534.53084,2026-03-29 03:20:07.484976+00:00,2026-03-29 03:55:12.682000+00:00,time_stop,LiqCascadeStrategy_V04,2026-03-29 00:00:00+00:00,1983.44,2749.375031764278,True,block_longs_below,False
353,BTC/USDT:USDT,False,-0.0037947526734541,-5.72175,1507.05225,2026-03-29 03:20:12.402988+00:00,2026-03-29 03:55:14.118000+00:00,time_stop,LiqCascadeStrategy_V04,2026-03-29 00:00:00+00:00,65977.9,85447.77091808317,True,block_longs_below,False
354,ETH/USDT:USDT,True,-0.0034418272402547,-5.27215812,1532.556735,2026-03-29 05:10:07.680486+00:00,2026-03-29 05:45:12.374000+00:00,time_stop,LiqCascadeStrategy_V04,2026-03-29 00:00:00+00:00,1983.44,2749.375031764278,False,block_shorts_above,False
355,BTC/USDT:USDT,True,-0.0084216546095304,-12.768665,1516.92905,2026-03-29 05:20:07.869360+00:00,2026-03-29 05:55:12.603000+00:00,time_stop,LiqCascadeStrategy_V04,2026-03-29 00:00:00+00:00,65977.9,85447.77091808317,False,block_shorts_above,False
356,BTC/USDT:USDT,True,0.0005392638710137,0.8173438,1516.424,2026-03-29 06:30:12.895276+00:00,2026-03-29 07:02:12.724000+00:00,roi,LiqCascadeStrategy_V04,2026-03-29 00:00:00+00:00,65977.9,85447.77091808317,False,block_shorts_above,False
357,SOL/USDT:USDT,True,0.0003750204994395,0.57299305,1528.662275,2026-03-29 06:30:07.832150+00:00,2026-03-29 07:03:06.993000+00:00,roi,LiqCascadeStrategy_V04,2026-03-29 00:00:00+00:00,81.34,125.47110652902786,False,block_shorts_above,False
358,ETH/USDT:USDT,True,-0.0081245770954951,-12.41686146,1529.0731875,2026-03-29 07:05:07.657439+00:00,2026-03-29 07:40:12.586000+00:00,time_stop,LiqCascadeStrategy_V04,2026-03-29 00:00:00+00:00,1983.44,2749.375031764278,False,block_shorts_above,False
359,ETH/USDT:USDT,True,-0.0085222563414891,-13.00409092,1526.66098,2026-03-29 10:25:12.181007+00:00,2026-03-29 11:00:13.183000+00:00,time_stop,LiqCascadeStrategy_V04,2026-03-29 00:00:00+00:00,1983.44,2749.375031764278,False,block_shorts_above,False
360,BTC/USDT:USDT,True,-0.0201006402542446,-30.38632415,1512.4655,2026-03-29 10:40:12.734267+00:00,2026-03-29 11:15:17.006000+00:00,time_stop,LiqCascadeStrategy_V04,2026-03-29 00:00:00+00:00,65977.9,85447.77091808317,False,block_shorts_above,False
361,BTC/USDT:USDT,False,-0.0039578396688393,-5.95245375,1503.21375,2026-03-29 11:50:12.336364+00:00,2026-03-29 12:25:16.958000+00:00,time_stop,LiqCascadeStrategy_V04,2026-03-29 00:00:00+00:00,65977.9,85447.77091808317,True,block_longs_below,False
362,ETH/USDT:USDT,True,0.0149367941891763,22.6389207,1516.4061,2026-03-29 12:45:07.430345+00:00,2026-03-29 13:15:13.255000+00:00,roi,LiqCascadeStrategy_V04,2026-03-29 00:00:00+00:00,1983.44,2749.375031764278,False,block_shorts_above,False
363,SOL/USDT:USDT,True,-0.0133045246027269,-20.17040625,1516.81455,2026-03-29 13:10:07.886282+00:00,2026-03-29 13:45:12.869000+00:00,time_stop,LiqCascadeStrategy_V04,2026-03-29 00:00:00+00:00,81.34,125.47110652902786,False,block_shorts_above,False
364,XRP/USDT:USDT,True,-0.0061142938673902,-9.27000608,1516.8789075,2026-03-29 13:10:12.474293+00:00,2026-03-29 13:45:13.837000+00:00,time_stop,LiqCascadeStrategy_V04,2026-03-29 00:00:00+00:00,1.3271,1.892645347015502,False,block_shorts_above,False
365,XRP/USDT:USDT,True,0.001428790651825,2.1643184,1515.5482,2026-03-29 13:50:12.025548+00:00,2026-03-29 14:25:07.887000+00:00,roi,LiqCascadeStrategy_V04,2026-03-29 00:00:00+00:00,1.3271,1.892645347015502,False,block_shorts_above,False
366,ETH/USDT:USDT,False,-0.0032413452841432,-4.9150872,1515.6148,2026-03-29 14:15:07.977755+00:00,2026-03-29 14:50:12.378000+00:00,time_stop,LiqCascadeStrategy_V04,2026-03-29 00:00:00+00:00,1983.44,2749.375031764278,True,block_longs_below,False
367,XRP/USDT:USDT,True,-0.0109859174732159,-16.63513528,1514.98107,2026-03-29 15:30:12.320389+00:00,2026-03-29 16:05:16.985000+00:00,time_stop,LiqCascadeStrategy_V04,2026-03-29 00:00:00+00:00,1.3271,1.892645347015502,False,block_shorts_above,False
368,ETH/USDT:USDT,True,-0.007317603536735,-11.05409077,1511.37193,2026-03-29 17:15:07.662764+00:00,2026-03-29 17:50:13.110000+00:00,time_stop,LiqCascadeStrategy_V04,2026-03-29 00:00:00+00:00,1983.44,2749.375031764278,False,block_shorts_above,False
369,BTC/USDT:USDT,True,-0.0146808885623085,-22.09171965,1505.547225,2026-03-29 17:25:08.208725+00:00,2026-03-29 18:00:12.674000+00:00,time_stop,LiqCascadeStrategy_V04,2026-03-29 00:00:00+00:00,65977.9,85447.77091808317,False,block_shorts_above,False
370,SOL/USDT:USDT,True,-0.0192900983069438,-29.14346215,1511.554825,2026-03-29 17:25:12.969398+00:00,2026-03-29 18:00:13.719000+00:00,time_stop,LiqCascadeStrategy_V04,2026-03-29 00:00:00+00:00,81.34,125.47110652902786,False,block_shorts_above,False
371,ETH/USDT:USDT,False,-0.0036143041558804,-5.420008,1498.84988,2026-03-29 20:25:12.191261+00:00,2026-03-29 21:00:14.139000+00:00,time_stop,LiqCascadeStrategy_V04,2026-03-29 00:00:00+00:00,1983.44,2749.375031764278,True,block_longs_below,False
372,BTC/USDT:USDT,True,0.0054737633056264,8.1716085,1493.61525,2026-03-29 22:10:12.204353+00:00,2026-03-29 22:40:17.633000+00:00,roi,LiqCascadeStrategy_V04,2026-03-29 00:00:00+00:00,65977.9,85447.77091808317,False,block_shorts_above,False
373,XRP/USDT:USDT,True,0.001167984873494,1.7492597,1498.42246,2026-03-29 22:10:07.675425+00:00,2026-03-29 22:40:32.391000+00:00,roi,LiqCascadeStrategy_V04,2026-03-29 00:00:00+00:00,1.3271,1.892645347015502,False,block_shorts_above,False
374,SOL/USDT:USDT,True,0.0324615900764754,48.6483381,1499.3928,2026-03-29 22:45:13.833125+00:00,2026-03-29 22:45:32.693000+00:00,trailing_stop_loss,LiqCascadeStrategy_V04,2026-03-29 00:00:00+00:00,81.34,125.47110652902786,False,block_shorts_above,False
375,BNB/USDT:USDT,True,-0.036223082860742,-54.2753839,1499.114125,2026-03-29 22:45:02.624409+00:00,2026-03-29 23:20:07.892000+00:00,time_stop,LiqCascadeStrategy_V04,2026-03-29 00:00:00+00:00,605.86,776.1913408166338,False,block_shorts_above,False
376,BTC/USDT:USDT,True,-0.0348286821785803,-51.95724625,1492.54105,2026-03-29 22:45:07.646485+00:00,2026-03-29 23:20:08.877000+00:00,time_stop,LiqCascadeStrategy_V04,2026-03-29 00:00:00+00:00,65977.9,85447.77091808317,False,block_shorts_above,False
377,ETH/USDT:USDT,True,-0.0663915618638134,-99.3337659,1496.92905,2026-03-29 22:45:12.636561+00:00,2026-03-29 23:20:16.967000+00:00,time_stop,LiqCascadeStrategy_V04,2026-03-29 00:00:00+00:00,1983.44,2749.375031764278,False,block_shorts_above,False
378,SOL/USDT:USDT,True,-0.105477779868373,-159.1983904,1510.0624,2026-03-29 22:50:08.365223+00:00,2026-03-29 23:25:12.569000+00:00,time_stop,LiqCascadeStrategy_V04,2026-03-29 00:00:00+00:00,81.34,125.47110652902786,False,block_shorts_above,False
379,XRP/USDT:USDT,False,0.0089033164357571,13.45575024,1510.5636,2026-03-29 23:00:09.215972+00:00,2026-03-29 23:30:12.729000+00:00,roi,LiqCascadeStrategy_V04,2026-03-29 00:00:00+00:00,1.3271,1.892645347015502,True,block_longs_below,False
380,BTC/USDT:USDT,False,-0.0276600365075493,-38.9459637,1407.3192,2026-03-30 00:20:07.690859+00:00,2026-03-30 00:55:08.513000+00:00,time_stop,LiqCascadeStrategy_V04,2026-03-30 00:00:00+00:00,66764.4,85261.8666953555,True,block_longs_below,False
381,BNB/USDT:USDT,False,-0.0180509934068882,-25.98811075,1438.9858,2026-03-30 00:20:09.420819+00:00,2026-03-30 00:55:13.054000+00:00,time_stop,LiqCascadeStrategy_V04,2026-03-30 00:00:00+00:00,609.42,774.5319241822532,True,block_longs_below,False
382,SOL/USDT:USDT,False,-0.0264268059651327,-38.05985925,1439.47925,2026-03-30 00:20:12.652315+00:00,2026-03-30 00:55:14.025000+00:00,time_stop,LiqCascadeStrategy_V04,2026-03-30 00:00:00+00:00,82.51,125.04363275291874,True,block_longs_below,False
383,ETH/USDT:USDT,False,0.0199811539319342,28.37693385,1419.4752,2026-03-30 02:20:08.402042+00:00,2026-03-30 02:50:13.193000+00:00,roi,LiqCascadeStrategy_V04,2026-03-30 00:00:00+00:00,2025.69,2742.1741843412046,True,block_longs_below,False
384,BTC/USDT:USDT,False,0.0004228152783935,0.5951106,1406.7921,2026-03-30 02:45:07.891016+00:00,2026-03-30 03:17:21.975000+00:00,roi,LiqCascadeStrategy_V04,2026-03-30 00:00:00+00:00,66764.4,85261.8666953555,True,block_longs_below,False
385,SOL/USDT:USDT,False,-0.0091645749151724,-13.06968,1425.396,2026-03-30 02:50:14.025491+00:00,2026-03-30 03:25:16.945000+00:00,time_stop,LiqCascadeStrategy_V04,2026-03-30 00:00:00+00:00,82.51,125.04363275291874,True,block_longs_below,False
386,SOL/USDT:USDT,False,0.0015809170518055,2.2507168,1422.9665,2026-03-30 07:55:12.346397+00:00,2026-03-30 08:25:16.969000+00:00,roi,LiqCascadeStrategy_V04,2026-03-30 00:00:00+00:00,82.51,125.04363275291874,True,block_longs_below,False
387,BTC/USDT:USDT,False,-0.0034936628856151,-4.85637825,1389.3588,2026-03-30 08:10:12.546298+00:00,2026-03-30 08:45:16.956000+00:00,time_stop,LiqCascadeStrategy_V04,2026-03-30 00:00:00+00:00,66764.4,85261.8666953555,True,block_longs_below,False
388,BTC/USDT:USDT,True,0.0041449745599358,5.8921128,1422.2187,2026-03-30 08:50:07.806386+00:00,2026-03-30 09:20:12.556000+00:00,roi,LiqCascadeStrategy_V04,2026-03-30 00:00:00+00:00,66764.4,85261.8666953555,False,block_shorts_above,False
389,BTC/USDT:USDT,False,0.0069761535726473,9.85556565,1412.04465,2026-04-06 15:30:12.196036+00:00,2026-04-06 16:00:16.983000+00:00,roi,LiqCascadeStrategy_V05,2026-04-05 00:00:00+00:00,68997.9,84241.10416269858,True,block_longs_below,False
390,XRP/USDT:USDT,True,0.0006822473038455,0.97225907,1425.79595,2026-04-06 17:00:12.432011+00:00,2026-04-06 17:30:17.019000+00:00,roi,LiqCascadeStrategy_V05,2026-04-05 00:00:00+00:00,1.3259,1.854389993213925,False,block_shorts_above,False
391,BTC/USDT:USDT,True,-0.0099887561343679,-14.17321825,1419.62705,2026-04-06 17:15:08.115421+00:00,2026-04-06 17:50:12.540000+00:00,time_stop,LiqCascadeStrategy_V05,2026-04-05 00:00:00+00:00,68997.9,84241.10416269858,False,block_shorts_above,False
392,BTC/USDT:USDT,True,0.0102721787573532,14.5913465,1421.183,2026-04-06 22:25:07.653542+00:00,2026-04-06 22:55:12.899000+00:00,roi,LiqCascadeStrategy_V05,2026-04-05 00:00:00+00:00,68997.9,84241.10416269858,False,block_shorts_above,False
393,SOL/USDT:USDT,True,0.0429875221736872,61.13630275,1422.898625,2026-04-06 22:35:12.249758+00:00,2026-04-06 23:00:22.039000+00:00,roi,LiqCascadeStrategy_V05,2026-04-05 00:00:00+00:00,81.85,122.48026611664989,False,block_shorts_above,False
394,BTC/USDT:USDT,True,-0.0054614292499306,-7.6782463,1406.6075,2026-04-06 23:05:02.813455+00:00,2026-04-06 23:40:08.361000+00:00,time_stop,LiqCascadeStrategy_V05,2026-04-05 00:00:00+00:00,68997.9,84241.10416269858,False,block_shorts_above,False
395,XRP/USDT:USDT,True,-0.0183041817341068,-26.30954636,1438.070715,2026-04-06 23:05:07.585436+00:00,2026-04-06 23:40:09.394000+00:00,time_stop,LiqCascadeStrategy_V05,2026-04-05 00:00:00+00:00,1.3259,1.854389993213925,False,block_shorts_above,False
396,BTC/USDT:USDT,False,-0.0140365167911071,-20.07926455,1429.78705,2026-04-07 00:10:07.513940+00:00,2026-04-07 00:45:13.261000+00:00,time_stop,LiqCascadeStrategy_V05,2026-04-05 00:00:00+00:00,68997.9,84241.10416269858,True,block_longs_below,False
397,ETH/USDT:USDT,False,-0.009989773622072,-14.30510478,1431.25924,2026-04-07 00:10:08.819637+00:00,2026-04-07 00:45:14.287000+00:00,time_stop,LiqCascadeStrategy_V05,2026-04-05 00:00:00+00:00,2109.35,2704.0481781622575,True,block_longs_below,False
398,BNB/USDT:USDT,False,-0.0056578556296866,-8.0926188,1429.6184,2026-04-07 00:10:10.108210+00:00,2026-04-07 00:45:15.297000+00:00,time_stop,LiqCascadeStrategy_V05,2026-04-05 00:00:00+00:00,601.81,764.327327713103,True,block_longs_below,False
399,BTC/USDT:USDT,True,-0.0070218467558562,-9.8444772,1402.6797,2026-04-07 02:10:07.710021+00:00,2026-04-07 02:45:12.470000+00:00,time_stop,LiqCascadeStrategy_V05,2026-04-05 00:00:00+00:00,68997.9,84241.10416269858,False,block_shorts_above,False
400,BTC/USDT:USDT,False,-0.007103867472653,-10.0291125,1411.0765,2026-04-07 04:35:12.065699+00:00,2026-04-07 05:10:17.044000+00:00,time_stop,LiqCascadeStrategy_V05,2026-04-05 00:00:00+00:00,68997.9,84241.10416269858,True,block_longs_below,False
401,ETH/USDT:USDT,False,-0.0192852862518294,-27.41233616,1420.70159,2026-04-07 04:50:03.032984+00:00,2026-04-07 05:25:07.983000+00:00,time_stop,LiqCascadeStrategy_V05,2026-04-05 00:00:00+00:00,2109.35,2704.0481781622575,True,block_longs_below,False
402,ETH/USDT:USDT,False,0.0180710140007273,25.55469901,1413.4197475,2026-04-07 09:05:07.575109+00:00,2026-04-07 09:35:12.056000+00:00,roi,LiqCascadeStrategy_V05,2026-04-05 00:00:00+00:00,2109.35,2704.0481781622575,True,block_longs_below,False
403,BNB/USDT:USDT,False,0.005521168678345,7.8052865,1412.995375,2026-04-07 09:10:13.120003+00:00,2026-04-07 09:40:17.284000+00:00,roi,LiqCascadeStrategy_V05,2026-04-05 00:00:00+00:00,601.81,764.327327713103,True,block_longs_below,False
404,BTC/USDT:USDT,False,-0.0074866323904318,-10.4938821,1400.982075,2026-04-07 09:10:07.861249+00:00,2026-04-07 09:45:12.618000+00:00,time_stop,LiqCascadeStrategy_V05,2026-04-05 00:00:00+00:00,68997.9,84241.10416269858,True,block_longs_below,False
405,BTC/USDT:USDT,True,0.0064231273774284,9.0202337,1405.03925,2026-04-07 10:40:08.111211+00:00,2026-04-07 11:10:12.795000+00:00,roi,LiqCascadeStrategy_V05,2026-04-05 00:00:00+00:00,68997.9,84241.10416269858,False,block_shorts_above,False
406,SOL/USDT:USDT,True,0.009119255871949,12.9246771,1418.00415,2026-04-07 10:55:13.108552+00:00,2026-04-07 11:25:17.003000+00:00,roi,LiqCascadeStrategy_V05,2026-04-05 00:00:00+00:00,81.85,122.48026611664989,False,block_shorts_above,False
407,BNB/USDT:USDT,True,-0.022953063191525,-32.6209059,1421.9115,2026-04-07 12:10:12.420987+00:00,2026-04-07 12:45:17.027000+00:00,time_stop,LiqCascadeStrategy_V05,2026-04-05 00:00:00+00:00,601.81,764.327327713103,False,block_shorts_above,False
408,BTC/USDT:USDT,True,-0.0059550749345135,-8.278433,1390.843,2026-04-07 14:10:07.621943+00:00,2026-04-07 14:45:12.571000+00:00,time_stop,LiqCascadeStrategy_V05,2026-04-05 00:00:00+00:00,68997.9,84241.10416269858,False,block_shorts_above,False
409,ETH/USDT:USDT,False,-0.0078551621666473,-11.12656545,1415.757525,2026-04-07 14:25:07.931035+00:00,2026-04-07 15:00:08.819000+00:00,time_stop,LiqCascadeStrategy_V05,2026-04-05 00:00:00+00:00,2109.35,2704.0481781622575,True,block_longs_below,False
410,ETH/USDT:USDT,False,4.55647534749841e-05,0.06433542,1411.25022,2026-04-07 16:05:02.856448+00:00,2026-04-07 16:35:52.346000+00:00,roi,LiqCascadeStrategy_V05,2026-04-05 00:00:00+00:00,2109.35,2704.0481781622575,True,block_longs_below,False
411,SOL/USDT:USDT,False,-0.0009860722363786,-1.3929468,1411.9155,2026-04-07 16:05:07.936920+00:00,2026-04-07 16:40:12.492000+00:00,time_stop,LiqCascadeStrategy_V05,2026-04-05 00:00:00+00:00,81.85,122.48026611664989,True,block_longs_below,False
412,BTC/USDT:USDT,True,0.0011343876366078,1.5880161,1400.5887,2026-04-07 16:25:12.709072+00:00,2026-04-07 16:55:17.035000+00:00,roi,LiqCascadeStrategy_V05,2026-04-05 00:00:00+00:00,68997.9,84241.10416269858,False,block_shorts_above,False
413,SOL/USDT:USDT,False,0.0135985897758751,19.2120012,1412.0876,2026-04-07 17:25:07.362215+00:00,2026-04-07 17:55:12.037000+00:00,roi,LiqCascadeStrategy_V05,2026-04-05 00:00:00+00:00,81.85,122.48026611664989,True,block_longs_below,False
414,XRP/USDT:USDT,False,0.0022885552931688,3.23347948,1412.18504,2026-04-07 17:35:07.831853+00:00,2026-04-07 18:05:12.237000+00:00,roi,LiqCascadeStrategy_V05,2026-04-05 00:00:00+00:00,1.3259,1.854389993213925,True,block_longs_below,False
415,BNB/USDT:USDT,False,-0.0041441948335379,-5.8486495,1410.582,2026-04-07 17:40:08.247150+00:00,2026-04-07 18:15:12.049000+00:00,time_stop,LiqCascadeStrategy_V05,2026-04-05 00:00:00+00:00,601.81,764.327327713103,True,block_longs_below,False
416,SOL/USDT:USDT,False,0.0192038728908004,27.1940529,1415.3636,2026-04-07 19:45:07.838021+00:00,2026-04-07 20:15:13.110000+00:00,roi,LiqCascadeStrategy_V05,2026-04-05 00:00:00+00:00,81.85,122.48026611664989,True,block_longs_below,False
417,XRP/USDT:USDT,False,0.0005861290376198,0.83005965,1415.46447,2026-04-07 19:55:07.906400+00:00,2026-04-07 20:25:12.483000+00:00,roi,LiqCascadeStrategy_V05,2026-04-05 00:00:00+00:00,1.3259,1.854389993213925,True,block_longs_below,False
418,BNB/USDT:USDT,False,-0.0062289014439267,-8.8147236,1414.425725,2026-04-07 19:55:12.720792+00:00,2026-04-07 20:30:17.082000+00:00,time_stop,LiqCascadeStrategy_V05,2026-04-05 00:00:00+00:00,601.81,764.327327713103,True,block_longs_below,False
419,BTC/USDT:USDT,False,-0.0093695834128544,-13.1613903,1403.991225,2026-04-07 20:05:08.443875+00:00,2026-04-07 20:40:13.317000+00:00,time_stop,LiqCascadeStrategy_V05,2026-04-05 00:00:00+00:00,68997.9,84241.10416269858,True,block_longs_below,False
420,XRP/USDT:USDT,False,0.0023526351732132,3.33499581,1416.84915,2026-04-07 21:10:03.944164+00:00,2026-04-07 21:40:07.937000+00:00,roi,LiqCascadeStrategy_V05,2026-04-05 00:00:00+00:00,1.3259,1.854389993213925,True,block_longs_below,False
421,BNB/USDT:USDT,False,-8.01599298394824e-05,-0.1134975,1415.180625,2026-04-07 21:10:07.573081+00:00,2026-04-07 21:45:08.394000+00:00,time_stop,LiqCascadeStrategy_V05,2026-04-05 00:00:00+00:00,601.81,764.327327713103,True,block_longs_below,False
422,ETH/USDT:USDT,False,0.0003109301311148,0.44067023,1416.5562,2026-04-07 21:15:08.504128+00:00,2026-04-07 21:45:27.011000+00:00,roi,LiqCascadeStrategy_V05,2026-04-05 00:00:00+00:00,2109.35,2704.0481781622575,True,block_longs_below,False
423,BTC/USDT:USDT,True,-0.0142763849894851,-19.860166,1391.816,2026-04-07 21:30:08.387987+00:00,2026-04-07 22:05:12.451000+00:00,time_stop,LiqCascadeStrategy_V05,2026-04-05 00:00:00+00:00,68997.9,84241.10416269858,False,block_shorts_above,False
424,SOL/USDT:USDT,True,-0.013845729916395,-19.6102843,1417.0502,2026-04-07 21:45:12.534058+00:00,2026-04-07 22:20:17.025000+00:00,time_stop,LiqCascadeStrategy_V05,2026-04-05 00:00:00+00:00,81.85,122.48026611664989,False,block_shorts_above,False
425,BNB/USDT:USDT,False,0.041657921426934,58.8589126,1412.20435,2026-04-07 22:10:07.971447+00:00,2026-04-07 22:38:02.052000+00:00,roi,LiqCascadeStrategy_V05,2026-04-05 00:00:00+00:00,601.81,764.327327713103,True,block_longs_below,False
426,BTC/USDT:USDT,True,-0.02859050505416,-40.44551,1415.356,2026-04-07 22:45:07.684812+00:00,2026-04-07 23:20:12.459000+00:00,time_stop,LiqCascadeStrategy_V05,2026-04-05 00:00:00+00:00,68997.9,84241.10416269858,False,block_shorts_above,False
427,ETH/USDT:USDT,False,-0.0076970148659537,-10.8797894,1412.80125,2026-04-08 06:20:07.571971+00:00,2026-04-08 06:55:12.650000+00:00,time_stop,LiqCascadeStrategy_V05,2026-04-05 00:00:00+00:00,2109.35,2704.0481781622575,True,block_longs_below,False
428,SOL/USDT:USDT,False,-0.0143576573721153,-20.2689225,1411.00965,2026-04-08 09:05:07.672370+00:00,2026-04-08 09:40:12.052000+00:00,time_stop,LiqCascadeStrategy_V05,2026-04-05 00:00:00+00:00,81.85,122.48026611664989,True,block_longs_below,False
429,BTC/USDT:USDT,True,-0.0050777472492396,-7.0707156,1393.18725,2026-04-08 10:35:07.751881+00:00,2026-04-08 11:10:12.451000+00:00,time_stop,LiqCascadeStrategy_V05,2026-04-05 00:00:00+00:00,68997.9,84241.10416269858,False,block_shorts_above,False
430,ETH/USDT:USDT,False,-0.0117475989941725,-16.52163101,1405.6807975,2026-04-08 11:15:07.783596+00:00,2026-04-08 11:50:12.477000+00:00,time_stop,LiqCascadeStrategy_V05,2026-04-05 00:00:00+00:00,2109.35,2704.0481781622575,True,block_longs_below,False
431,BTC/USDT:USDT,True,-0.0108001737157225,-15.04314045,1393.55775,2026-04-08 11:40:02.982643+00:00,2026-04-08 12:15:10.632000+00:00,time_stop,LiqCascadeStrategy_V05,2026-04-05 00:00:00+00:00,68997.9,84241.10416269858,False,block_shorts_above,False
432,BTC/USDT:USDT,False,-0.0216134952285541,-30.01886195,1388.200275,2026-04-08 13:05:07.514192+00:00,2026-04-08 13:40:12.047000+00:00,time_stop,LiqCascadeStrategy_V05,2026-04-05 00:00:00+00:00,68997.9,84241.10416269858,True,block_longs_below,False
433,SOL/USDT:USDT,False,-0.0389017011796274,-54.473048,1399.5744,2026-04-08 13:10:03.393554+00:00,2026-04-08 13:45:08.175000+00:00,time_stop,LiqCascadeStrategy_V05,2026-04-05 00:00:00+00:00,81.85,122.48026611664989,True,block_longs_below,False
434,ETH/USDT:USDT,False,-0.0567433344204305,-79.42787583,1399.07502,2026-04-08 13:10:08.093225+00:00,2026-04-08 13:45:09.199000+00:00,time_stop,LiqCascadeStrategy_V05,2026-04-05 00:00:00+00:00,2109.35,2704.0481781622575,True,block_longs_below,False
435,BTC/USDT:USDT,True,0.0015213936439981,2.0542895,1350.9437,2026-04-08 14:35:07.722041+00:00,2026-04-08 15:05:12.025000+00:00,roi,LiqCascadeStrategy_V05,2026-04-05 00:00:00+00:00,68997.9,84241.10416269858,False,block_shorts_above,False
436,ETH/USDT:USDT,True,0.0072423082866477,9.89091593,1366.396385,2026-04-08 14:35:09.013701+00:00,2026-04-08 15:05:13.116000+00:00,roi,LiqCascadeStrategy_V05,2026-04-05 00:00:00+00:00,2109.35,2704.0481781622575,False,block_shorts_above,False
437,SOL/USDT:USDT,True,-7.04305865565377e-05,-0.096214,1366.766,2026-04-08 14:35:10.307090+00:00,2026-04-08 15:09:17.059000+00:00,roi,LiqCascadeStrategy_V05,2026-04-05 00:00:00+00:00,81.85,122.48026611664989,False,block_shorts_above,False
438,SOL/USDT:USDT,False,0.0008866474860302,1.21440798,1368.9782,2026-04-08 15:40:07.760274+00:00,2026-04-08 16:13:42.046000+00:00,roi,LiqCascadeStrategy_V05,2026-04-05 00:00:00+00:00,81.85,122.48026611664989,True,block_longs_below,False
439,BTC/USDT:USDT,False,0.0145202740732796,19.7091294,1356.6741,2026-04-08 16:45:03.889833+00:00,2026-04-08 17:15:08.710000+00:00,roi,LiqCascadeStrategy_V05,2026-04-05 00:00:00+00:00,68997.9,84241.10416269858,True,block_longs_below,False
440,ETH/USDT:USDT,False,6.99094159143261e-05,0.09576894,1369.2158375,2026-04-08 17:00:08.957907+00:00,2026-04-08 17:32:12.026000+00:00,roi,LiqCascadeStrategy_V05,2026-04-05 00:00:00+00:00,2109.35,2704.0481781622575,True,block_longs_below,False
441,SOL/USDT:USDT,False,-0.0101903988999659,-14.001261,1373.2793,2026-04-08 17:40:03.090996+00:00,2026-04-08 18:15:07.815000+00:00,time_stop,LiqCascadeStrategy_V05,2026-04-05 00:00:00+00:00,81.85,122.48026611664989,True,block_longs_below,False
442,ETH/USDT:USDT,False,-0.0130947190305114,-17.987449,1372.954985,2026-04-08 17:40:08.269968+00:00,2026-04-08 18:15:12.029000+00:00,time_stop,LiqCascadeStrategy_V05,2026-04-05 00:00:00+00:00,2109.35,2704.0481781622575,True,block_longs_below,False
443,BTC/USDT:USDT,True,0.0038377238888185,5.2028004,1356.3777,2026-04-08 18:20:07.273041+00:00,2026-04-08 18:50:08.170000+00:00,roi,LiqCascadeStrategy_V05,2026-04-05 00:00:00+00:00,68997.9,84241.10416269858,False,block_shorts_above,False
444,BTC/USDT:USDT,False,0.0006419021633657,0.8722368,1358.1523,2026-04-08 21:15:07.749791+00:00,2026-04-08 21:48:17.078000+00:00,roi,LiqCascadeStrategy_V05,2026-04-05 00:00:00+00:00,68997.9,84241.10416269858,True,block_longs_below,False
445,BTC/USDT:USDT,True,0.0024900039916256,3.347401,1345.0081,2026-04-09 00:45:07.523848+00:00,2026-04-09 01:15:12.448000+00:00,roi,LiqCascadeStrategy_V05,2026-04-05 00:00:00+00:00,68997.9,84241.10416269858,False,block_shorts_above,False
446,ETH/USDT:USDT,True,-0.0083402775956973,-11.40473844,1368.113175,2026-04-09 01:10:08.375961+00:00,2026-04-09 01:45:12.501000+00:00,time_stop,LiqCascadeStrategy_V05,2026-04-05 00:00:00+00:00,2109.35,2704.0481781622575,False,block_shorts_above,False
447,BTC/USDT:USDT,False,-2.3202329450162e-06,-0.00316855,1364.934725,2026-04-09 01:55:08.125065+00:00,2026-04-09 02:27:02.032000+00:00,roi,LiqCascadeStrategy_V05,2026-04-05 00:00:00+00:00,68997.9,84241.10416269858,True,block_longs_below,False
448,ETH/USDT:USDT,False,8.95774163992009e-05,0.12245441,1366.34007,2026-04-09 02:35:07.634255+00:00,2026-04-09 03:05:12.024000+00:00,roi,LiqCascadeStrategy_V05,2026-04-05 00:00:00+00:00,2109.35,2704.0481781622575,True,block_longs_below,False
449,BTC/USDT:USDT,False,-0.012353852604371,-16.7000994,1351.1375,2026-04-09 02:50:07.948965+00:00,2026-04-09 03:25:12.023000+00:00,time_stop,LiqCascadeStrategy_V05,2026-04-05 00:00:00+00:00,68997.9,84241.10416269858,True,block_longs_below,False
450,BTC/USDT:USDT,True,-0.0104062210521347,-14.0127527,1347.2482,2026-04-09 08:15:07.528869+00:00,2026-04-09 08:50:12.164000+00:00,time_stop,LiqCascadeStrategy_V05,2026-04-05 00:00:00+00:00,68997.9,84241.10416269858,False,block_shorts_above,False
451,XRP/USDT:USDT,False,-0.0022981696244787,-3.12863144,1360.67759,2026-04-09 09:15:07.611914+00:00,2026-04-09 09:50:12.539000+00:00,time_stop,LiqCascadeStrategy_V05,2026-04-05 00:00:00+00:00,1.3259,1.854389993213925,True,block_longs_below,False
452,BTC/USDT:USDT,False,-0.0060812993070649,-8.2265022,1352.078,2026-04-09 12:15:08.112036+00:00,2026-04-09 12:50:12.031000+00:00,time_stop,LiqCascadeStrategy_V05,2026-04-05 00:00:00+00:00,68997.9,84241.10416269858,True,block_longs_below,False
453,BTC/USDT:USDT,True,0.0092077335485308,12.4302522,1350.6549,2026-04-09 13:25:07.685592+00:00,2026-04-09 13:55:11.710000+00:00,roi,LiqCascadeStrategy_V05,2026-04-05 00:00:00+00:00,68997.9,84241.10416269858,False,block_shorts_above,False
454,SOL/USDT:USDT,True,0.00410191682843,5.5679688,1358.0856,2026-04-09 13:35:10.565596+00:00,2026-04-09 14:05:15.815000+00:00,roi,LiqCascadeStrategy_V05,2026-04-05 00:00:00+00:00,81.85,122.48026611664989,False,block_shorts_above,False
455,ETH/USDT:USDT,True,0.0014075805774372,1.91026741,1357.807185,2026-04-09 13:40:10.564970+00:00,2026-04-09 14:10:15.851000+00:00,roi,LiqCascadeStrategy_V05,2026-04-05 00:00:00+00:00,2109.35,2704.0481781622575,False,block_shorts_above,False
456,BTC/USDT:USDT,False,0.0035824661047968,4.8810377,1361.7989,2026-04-09 14:15:07.561257+00:00,2026-04-09 14:45:12.015000+00:00,roi,LiqCascadeStrategy_V05,2026-04-05 00:00:00+00:00,68997.9,84241.10416269858,True,block_longs_below,False
457,ETH/USDT:USDT,False,0.0019001297272037,2.58937007,1362.0522825,2026-04-09 14:15:08.861141+00:00,2026-04-09 14:45:13.039000+00:00,roi,LiqCascadeStrategy_V05,2026-04-05 00:00:00+00:00,2109.35,2704.0481781622575,True,block_longs_below,False
458,XRP/USDT:USDT,True,-0.0257826102534495,-35.10818784,1362.38148,2026-04-09 14:30:08.192865+00:00,2026-04-09 15:05:12.441000+00:00,time_stop,LiqCascadeStrategy_V05,2026-04-05 00:00:00+00:00,1.3259,1.854389993213925,False,block_shorts_above,False
459,ETH/USDT:USDT,False,0.0194632595473595,26.55617118,1363.74381,2026-04-09 14:50:07.952369+00:00,2026-04-09 15:20:12.032000+00:00,roi,LiqCascadeStrategy_V05,2026-04-05 00:00:00+00:00,2109.35,2704.0481781622575,True,block_longs_below,False
460,BTC/USDT:USDT,False,0.0118894794534315,16.070523,1350.9836,2026-04-09 14:55:08.281910+00:00,2026-04-09 15:25:12.027000+00:00,roi,LiqCascadeStrategy_V05,2026-04-05 00:00:00+00:00,68997.9,84241.10416269858,True,block_longs_below,False
461,SOL/USDT:USDT,False,0.0031109764810689,4.2450177,1363.8471,2026-04-09 14:55:09.580608+00:00,2026-04-09 15:25:13.050000+00:00,roi,LiqCascadeStrategy_V05,2026-04-05 00:00:00+00:00,81.85,122.48026611664989,True,block_longs_below,False
462,SOL/USDT:USDT,False,0.0415906768464881,56.84125436,1365.9996,2026-04-09 15:35:09.025547+00:00,2026-04-09 16:02:22.312000+00:00,roi,LiqCascadeStrategy_V05,2026-04-05 00:00:00+00:00,81.85,122.48026611664989,True,block_longs_below,False
463,ETH/USDT:USDT,False,0.0152923887833632,20.89957957,1365.98247,2026-04-09 15:35:07.742016+00:00,2026-04-09 16:05:12.009000+00:00,roi,LiqCascadeStrategy_V05,2026-04-05 00:00:00+00:00,2109.35,2704.0481781622575,True,block_longs_below,False
464,BNB/USDT:USDT,False,0.0022904407147329,3.12898884,1365.42505,2026-04-09 15:35:10.311075+00:00,2026-04-09 16:05:13.060000+00:00,roi,LiqCascadeStrategy_V05,2026-04-05 00:00:00+00:00,601.81,764.327327713103,True,block_longs_below,False
465,XRP/USDT:USDT,False,0.0107464586485655,14.68803565,1366.096105,2026-04-09 15:35:11.606428+00:00,2026-04-09 16:05:14.605000+00:00,roi,LiqCascadeStrategy_V05,2026-04-05 00:00:00+00:00,1.3259,1.854389993213925,True,block_longs_below,False
466,ETH/USDT:USDT,True,-0.0236175777572503,-32.67171727,1384.05647,2026-04-09 16:40:07.786395+00:00,2026-04-09 17:15:12.024000+00:00,time_stop,LiqCascadeStrategy_V05,2026-04-05 00:00:00+00:00,2109.35,2704.0481781622575,False,block_shorts_above,False
467,BTC/USDT:USDT,True,0.0004759656947879,0.6531212,1372.8887,2026-04-09 17:30:07.514038+00:00,2026-04-09 18:01:22.061000+00:00,roi,LiqCascadeStrategy_V05,2026-04-05 00:00:00+00:00,68997.9,84241.10416269858,False,block_shorts_above,False
468,SOL/USDT:USDT,False,-0.0351909202110949,-48.5380284,1378.58775,2026-04-09 17:55:02.948017+00:00,2026-04-09 18:30:04.077000+00:00,time_stop,LiqCascadeStrategy_V05,2026-04-05 00:00:00+00:00,81.85,122.48026611664989,True,block_longs_below,False
469,BTC/USDT:USDT,False,-0.0024687852565804,-3.3724354,1365.3476,2026-04-09 18:30:07.353424+00:00,2026-04-09 19:05:09.150000+00:00,time_stop,LiqCascadeStrategy_V05,2026-04-05 00:00:00+00:00,68997.9,84241.10416269858,True,block_longs_below,False
470,ETH/USDT:USDT,False,-0.0016272919651763,-2.2289124,1369.022,2026-04-09 18:30:08.644037+00:00,2026-04-09 19:05:10.673000+00:00,time_stop,LiqCascadeStrategy_V05,2026-04-05 00:00:00+00:00,2109.35,2704.0481781622575,True,block_longs_below,False
471,ETH/USDT:USDT,False,-0.0034394975604591,-4.70741838,1367.9515,2026-04-09 19:45:07.778141+00:00,2026-04-09 20:20:12.020000+00:00,time_stop,LiqCascadeStrategy_V05,2026-04-05 00:00:00+00:00,2109.35,2704.0481781622575,True,block_longs_below,False
472,ETH/USDT:USDT,True,-0.0065919982353313,-9.00230094,1366.32384,2026-04-09 21:10:07.780811+00:00,2026-04-09 21:45:12.436000+00:00,time_stop,LiqCascadeStrategy_V05,2026-04-05 00:00:00+00:00,2109.35,2704.0481781622575,False,block_shorts_above,False
473,BTC/USDT:USDT,False,-0.0351394178588893,-47.94354,1363.69875,2026-04-09 22:20:07.797559+00:00,2026-04-09 22:55:12.039000+00:00,time_stop,LiqCascadeStrategy_V05,2026-04-05 00:00:00+00:00,68997.9,84241.10416269858,True,block_longs_below,False
474,ETH/USDT:USDT,False,-0.0514600731214803,-70.27265236,1364.8937775,2026-04-09 22:20:09.097001+00:00,2026-04-09 22:55:13.046000+00:00,time_stop,LiqCascadeStrategy_V05,2026-04-05 00:00:00+00:00,2109.35,2704.0481781622575,True,block_longs_below,False
475,SOL/USDT:USDT,False,-0.0620263705832995,-84.7190415,1365.172625,2026-04-09 22:20:10.373980+00:00,2026-04-09 22:55:14.057000+00:00,time_stop,LiqCascadeStrategy_V05,2026-04-05 00:00:00+00:00,81.85,122.48026611664989,True,block_longs_below,False
476,XRP/USDT:USDT,False,-0.0382594867046891,-52.26242338,1365.316415,2026-04-09 22:20:11.710666+00:00,2026-04-09 22:55:15.076000+00:00,time_stop,LiqCascadeStrategy_V05,2026-04-05 00:00:00+00:00,1.3259,1.854389993213925,True,block_longs_below,False
477,XRP/USDT:USDT,True,0.003651428210576,4.797796,1314.607825,2026-04-09 23:15:05.503923+00:00,2026-04-09 23:45:08.210000+00:00,roi,LiqCascadeStrategy_V05,2026-04-05 00:00:00+00:00,1.3259,1.854389993213925,False,block_shorts_above,False
478,SOL/USDT:USDT,True,0.0016101124155151,2.1171906,1315.5912,2026-04-10 00:05:07.771050+00:00,2026-04-10 00:38:07.064000+00:00,roi,LiqCascadeStrategy_V05,2026-04-05 00:00:00+00:00,81.85,122.48026611664989,False,block_shorts_above,False
479,ETH/USDT:USDT,False,-0.0044346549236468,-5.83718312,1315.60766,2026-04-10 01:35:07.854479+00:00,2026-04-10 02:10:12.028000+00:00,time_stop,LiqCascadeStrategy_V05,2026-04-05 00:00:00+00:00,2109.35,2704.0481781622575,True,block_longs_below,False
480,ETH/USDT:USDT,False,0.0047824952089539,6.28979313,1314.512515,2026-04-10 04:25:08.530160+00:00,2026-04-10 04:55:12.021000+00:00,roi,LiqCascadeStrategy_V05,2026-04-05 00:00:00+00:00,2109.35,2704.0481781622575,True,block_longs_below,False
481,BTC/USDT:USDT,False,0.0042313339119372,5.4911304,1297.0818,2026-04-10 04:55:03.102699+00:00,2026-04-10 05:25:07.995000+00:00,roi,LiqCascadeStrategy_V05,2026-04-05 00:00:00+00:00,68997.9,84241.10416269858,True,block_longs_below,False
482,BTC/USDT:USDT,False,-0.0080546029872675,-10.4737212,1299.69,2026-04-10 05:30:08.482363+00:00,2026-04-10 06:05:12.026000+00:00,time_stop,LiqCascadeStrategy_V05,2026-04-05 00:00:00+00:00,68997.9,84241.10416269858,True,block_longs_below,False
483,BTC/USDT:USDT,True,-0.0069246091001207,-8.89744981,1285.5456,2026-04-10 07:55:02.739329+00:00,2026-04-10 08:30:08.106000+00:00,time_stop,LiqCascadeStrategy_V05,2026-04-05 00:00:00+00:00,68997.9,84241.10416269858,False,block_shorts_above,False
484,ETH/USDT:USDT,False,0.0135970878295929,17.8640226,1313.1558225,2026-04-10 11:10:07.873353+00:00,2026-04-10 11:40:12.031000+00:00,roi,LiqCascadeStrategy_V05,2026-04-05 00:00:00+00:00,2109.35,2704.0481781622575,True,block_longs_below,False
485,BTC/USDT:USDT,False,-0.005904112465577,-7.667964,1298.1006,2026-04-10 11:25:07.990153+00:00,2026-04-10 12:00:12.039000+00:00,time_stop,LiqCascadeStrategy_V05,2026-04-05 00:00:00+00:00,68997.9,84241.10416269858,True,block_longs_below,False
486,SOL/USDT:USDT,False,0.0227983242243086,30.0059921,1315.491275,2026-04-10 12:25:03.470488+00:00,2026-04-10 12:55:08.151000+00:00,roi,LiqCascadeStrategy_V05,2026-04-05 00:00:00+00:00,81.85,122.48026611664989,True,block_longs_below,False
487,BTC/USDT:USDT,False,0.0004581983676877,0.600102,1309.0446,2026-04-10 14:15:07.728303+00:00,2026-04-10 14:45:12.033000+00:00,roi,LiqCascadeStrategy_V05,2026-04-05 00:00:00+00:00,68997.9,84241.10416269858,True,block_longs_below,False
488,XRP/USDT:USDT,False,0.0001337588222137,0.17684667,1321.47015,2026-04-10 14:25:07.968888+00:00,2026-04-10 14:57:52.034000+00:00,roi,LiqCascadeStrategy_V05,2026-04-05 00:00:00+00:00,1.3259,1.854389993213925,True,block_longs_below,False
489,BTC/USDT:USDT,True,-0.0070445653725046,-9.2264688,1310.3838,2026-04-10 14:45:12.885468+00:00,2026-04-10 15:20:17.042000+00:00,time_stop,LiqCascadeStrategy_V05,2026-04-05 00:00:00+00:00,68997.9,84241.10416269858,False,block_shorts_above,False
490,ETH/USDT:USDT,False,0.01676971935071,22.1709728,1321.423,2026-04-10 14:55:08.275604+00:00,2026-04-10 15:25:12.128000+00:00,roi,LiqCascadeStrategy_V05,2026-04-05 00:00:00+00:00,2109.35,2704.0481781622575,True,block_longs_below,False
491,XRP/USDT:USDT,False,-0.0184250639233394,-24.36287673,1321.60743,2026-04-10 15:05:08.371875+00:00,2026-04-10 15:40:12.041000+00:00,time_stop,LiqCascadeStrategy_V05,2026-04-05 00:00:00+00:00,1.3259,1.854389993213925,True,block_longs_below,False
492,BTC/USDT:USDT,False,-0.0219137105383692,-28.72333574,1310.0922,2026-04-10 15:30:08.434937+00:00,2026-04-10 16:05:12.684000+00:00,time_stop,LiqCascadeStrategy_V05,2026-04-05 00:00:00+00:00,68997.9,84241.10416269858,True,block_longs_below,False
493,BTC/USDT:USDT,True,-0.0062854544586286,-8.2482858,1312.938,2026-04-10 18:30:08.334188+00:00,2026-04-10 19:05:12.181000+00:00,time_stop,LiqCascadeStrategy_V05,2026-04-05 00:00:00+00:00,68997.9,84241.10416269858,False,block_shorts_above,False
494,ETH/USDT:USDT,False,-0.0028243851294479,-3.71166852,1313.494245,2026-04-10 18:30:09.739873+00:00,2026-04-10 19:05:13.331000+00:00,time_stop,LiqCascadeStrategy_V05,2026-04-05 00:00:00+00:00,2109.35,2704.0481781622575,True,block_longs_below,False
495,ETH/USDT:USDT,False,-0.0170160850681993,-22.3241232,1311.28674,2026-04-10 19:15:07.911324+00:00,2026-04-10 19:50:12.041000+00:00,time_stop,LiqCascadeStrategy_V05,2026-04-05 00:00:00+00:00,2109.35,2704.0481781622575,True,block_longs_below,False
496,XRP/USDT:USDT,False,-0.0081012742858437,-10.59274434,1306.88707,2026-04-10 20:15:08.482065+00:00,2026-04-10 20:50:12.034000+00:00,time_stop,LiqCascadeStrategy_V05,2026-04-05 00:00:00+00:00,1.3259,1.854389993213925,True,block_longs_below,False
497,BTC/USDT:USDT,False,-0.0033486172504991,-4.35463945,1299.77925,2026-04-10 20:20:07.985489+00:00,2026-04-10 20:55:12.021000+00:00,time_stop,LiqCascadeStrategy_V05,2026-04-05 00:00:00+00:00,68997.9,84241.10416269858,True,block_longs_below,False
498,BTC/USDT:USDT,False,-0.0210663128949778,-27.42345535,1301.1176,2026-04-10 21:00:09.100100+00:00,2026-04-10 21:35:12.719000+00:00,time_stop,LiqCascadeStrategy_V05,2026-04-05 00:00:00+00:00,68997.9,84241.10416269858,True,block_longs_below,False
499,ETH/USDT:USDT,False,-0.0204460276792034,-26.66868183,1303.6935375,2026-04-10 21:00:10.450533+00:00,2026-04-10 21:35:13.748000+00:00,time_stop,LiqCascadeStrategy_V05,2026-04-05 00:00:00+00:00,2109.35,2704.0481781622575,True,block_longs_below,False
500,SOL/USDT:USDT,False,-0.0255196134516748,-33.2886908,1303.78365,2026-04-10 21:00:11.749891+00:00,2026-04-10 21:35:15.282000+00:00,time_stop,LiqCascadeStrategy_V05,2026-04-05 00:00:00+00:00,81.85,122.48026611664989,True,block_longs_below,False
501,BTC/USDT:USDT,True,0.0010754058710212,1.36975825,1274.35,2026-04-11 04:00:08.295458+00:00,2026-04-11 04:30:12.026000+00:00,roi,LiqCascadeStrategy_V05,2026-04-05 00:00:00+00:00,68997.9,84241.10416269858,False,block_shorts_above,False
502,ETH/USDT:USDT,False,-0.0085392159191478,-10.99416705,1286.847975,2026-04-11 09:20:03.401229+00:00,2026-04-11 09:55:08.102000+00:00,time_stop,LiqCascadeStrategy_V05,2026-04-05 00:00:00+00:00,2109.35,2704.0481781622575,True,block_longs_below,False
503,BTC/USDT:USDT,False,-0.0017430385215174,-2.2227485,1274.5775,2026-04-11 09:25:08.143248+00:00,2026-04-11 10:00:12.866000+00:00,time_stop,LiqCascadeStrategy_V05,2026-04-05 00:00:00+00:00,68997.9,84241.10416269858,True,block_longs_below,False
504,SOL/USDT:USDT,False,-0.0115545583785344,-14.8747599,1286.706575,2026-04-11 09:25:09.488474+00:00,2026-04-11 10:00:13.912000+00:00,time_stop,LiqCascadeStrategy_V05,2026-04-05 00:00:00+00:00,81.85,122.48026611664989,True,block_longs_below,False
505,BTC/USDT:USDT,True,-0.0040613732111668,-5.15623675,1270.21475,2026-04-11 13:15:07.578320+00:00,2026-04-11 13:50:12.035000+00:00,time_stop,LiqCascadeStrategy_V05,2026-04-05 00:00:00+00:00,68997.9,84241.10416269858,False,block_shorts_above,False
506,BTC/USDT:USDT,False,-0.0022899369988939,-2.9171625,1273.2685,2026-04-11 15:20:08.113494+00:00,2026-04-11 15:55:12.056000+00:00,time_stop,LiqCascadeStrategy_V05,2026-04-05 00:00:00+00:00,68997.9,84241.10416269858,True,block_longs_below,False
507,ETH/USDT:USDT,False,-0.0071784561293312,-9.19476509,1280.24325,2026-04-11 15:20:09.419028+00:00,2026-04-11 15:55:13.111000+00:00,time_stop,LiqCascadeStrategy_V05,2026-04-05 00:00:00+00:00,2109.35,2704.0481781622575,True,block_longs_below,False
508,SOL/USDT:USDT,False,-0.0082450508331096,-10.56017845,1280.1499,2026-04-11 15:20:10.742206+00:00,2026-04-11 15:55:14.161000+00:00,time_stop,LiqCascadeStrategy_V05,2026-04-05 00:00:00+00:00,81.85,122.48026611664989,True,block_longs_below,False
509,SOL/USDT:USDT,False,0.0007192720485466,0.9180576,1275.7326,2026-04-11 16:05:07.972027+00:00,2026-04-11 16:37:42.159000+00:00,roi,LiqCascadeStrategy_V05,2026-04-05 00:00:00+00:00,81.85,122.48026611664989,True,block_longs_below,False
510,SOL/USDT:USDT,False,-0.0072946437800545,-9.31212225,1275.931875,2026-04-11 16:40:07.764792+00:00,2026-04-11 17:15:12.053000+00:00,time_stop,LiqCascadeStrategy_V05,2026-04-05 00:00:00+00:00,81.85,122.48026611664989,True,block_longs_below,False
511,ETH/USDT:USDT,False,-0.0199421045905613,-25.45587192,1275.8508125,2026-04-11 16:45:03.204990+00:00,2026-04-11 17:20:08.194000+00:00,time_stop,LiqCascadeStrategy_V05,2026-04-05 00:00:00+00:00,2109.35,2704.0481781622575,True,block_longs_below,False
512,BTC/USDT:USDT,False,-0.0131197459537663,-16.55524935,1261.22685,2026-04-11 16:45:07.925563+00:00,2026-04-11 17:20:09.242000+00:00,time_stop,LiqCascadeStrategy_V05,2026-04-05 00:00:00+00:00,68997.9,84241.10416269858,True,block_longs_below,False
513,BNB/USDT:USDT,False,-0.012469115471844,-15.9041925,1274.8494,2026-04-11 16:45:09.235460+00:00,2026-04-11 17:20:10.272000+00:00,time_stop,LiqCascadeStrategy_V05,2026-04-05 00:00:00+00:00,601.81,764.327327713103,True,block_longs_below,False
514,ETH/USDT:USDT,False,0.0377397845350683,47.6714268,1262.52981,2026-04-11 18:40:09.352128+00:00,2026-04-11 19:05:47.578000+00:00,roi,LiqCascadeStrategy_V05,2026-04-05 00:00:00+00:00,2109.35,2704.0481781622575,True,block_longs_below,False
515,SOL/USDT:USDT,False,0.0067477076380551,8.52416275,1262.636625,2026-04-11 18:40:03.645392+00:00,2026-04-11 19:10:08.146000+00:00,roi,LiqCascadeStrategy_V05,2026-04-05 00:00:00+00:00,81.85,122.48026611664989,True,block_longs_below,False
516,BTC/USDT:USDT,False,0.0025062251204038,3.1348034,1250.1817,2026-04-11 18:40:07.922906+00:00,2026-04-11 19:10:09.200000+00:00,roi,LiqCascadeStrategy_V05,2026-04-05 00:00:00+00:00,68997.9,84241.10416269858,True,block_longs_below,False
517,BNB/USDT:USDT,False,0.0078295166911573,9.87999375,1261.26,2026-04-11 18:40:10.703977+00:00,2026-04-11 19:10:12.489000+00:00,roi,LiqCascadeStrategy_V05,2026-04-05 00:00:00+00:00,601.81,764.327327713103,True,block_longs_below,False
518,XRP/USDT:USDT,False,0.003024335383015,3.82071373,1262.6920775,2026-04-11 18:40:12.041610+00:00,2026-04-11 19:10:13.530000+00:00,roi,LiqCascadeStrategy_V05,2026-04-05 00:00:00+00:00,1.3259,1.854389993213925,True,block_longs_below,False
519,SOL/USDT:USDT,False,0.0128115423475456,16.3693856,1277.06755,2026-04-11 19:20:07.737546+00:00,2026-04-11 19:50:12.047000+00:00,roi,LiqCascadeStrategy_V05,2026-04-05 00:00:00+00:00,81.85,122.48026611664989,True,block_longs_below,False
520,ETH/USDT:USDT,False,-0.0244545557355121,-31.24255671,1276.9376625,2026-04-11 19:35:02.990921+00:00,2026-04-11 20:10:08.635000+00:00,time_stop,LiqCascadeStrategy_V05,2026-04-05 00:00:00+00:00,2109.35,2704.0481781622575,True,block_longs_below,False
521,XRP/USDT:USDT,False,-0.0138955800747546,-17.7557536,1277.16008,2026-04-11 19:35:08.099810+00:00,2026-04-11 20:10:09.682000+00:00,time_stop,LiqCascadeStrategy_V05,2026-04-05 00:00:00+00:00,1.3259,1.854389993213925,True,block_longs_below,False
522,BTC/USDT:USDT,True,-0.0061381210864882,-7.6007816,1238.9107,2026-04-11 23:10:07.903897+00:00,2026-04-11 23:45:12.026000+00:00,time_stop,LiqCascadeStrategy_V05,2026-04-05 00:00:00+00:00,68997.9,84241.10416269858,False,block_shorts_above,False
523,ETH/USDT:USDT,True,0.0395939236880829,50.1967088,1268.4224,2026-04-12 01:35:02.805651+00:00,2026-04-12 01:45:47.033000+00:00,trailing_stop_loss,LiqCascadeStrategy_V05,2026-04-05 00:00:00+00:00,2109.35,2704.0481781622575,False,block_shorts_above,False
524,BTC/USDT:USDT,True,0.0135859922359693,17.15646275,1263.437,2026-04-12 01:40:08.025438+00:00,2026-04-12 02:10:12.033000+00:00,roi,LiqCascadeStrategy_V05,2026-04-05 00:00:00+00:00,68997.9,84241.10416269858,False,block_shorts_above,False
525,XRP/USDT:USDT,True,0.0158846546560952,20.15055944,1269.18968,2026-04-12 01:40:09.319703+00:00,2026-04-12 02:10:13.086000+00:00,roi,LiqCascadeStrategy_V05,2026-04-05 00:00:00+00:00,1.3259,1.854389993213925,False,block_shorts_above,False
526,SOL/USDT:USDT,True,0.0023564381949136,2.9888991,1269.0315,2026-04-12 01:45:03.720103+00:00,2026-04-12 02:15:08.068000+00:00,roi,LiqCascadeStrategy_V05,2026-04-05 00:00:00+00:00,81.85,122.48026611664989,False,block_shorts_above,False
527,BNB/USDT:USDT,True,-0.0084621077431743,-10.7176488,1267.1796,2026-04-12 01:45:08.564992+00:00,2026-04-12 02:20:12.046000+00:00,time_stop,LiqCascadeStrategy_V05,2026-04-05 00:00:00+00:00,601.81,764.327327713103,False,block_shorts_above,False
528,ETH/USDT:USDT,False,0.0004638507014912,0.59346007,1278.7810525,2026-04-12 01:55:04.007321+00:00,2026-04-12 02:25:08.133000+00:00,roi,LiqCascadeStrategy_V05,2026-04-05 00:00:00+00:00,2109.35,2704.0481781622575,True,block_longs_below,False
529,BTC/USDT:USDT,False,0.0029645580132116,3.7769586,1273.400975,2026-04-12 02:15:03.639122+00:00,2026-04-12 02:45:08.767000+00:00,roi,LiqCascadeStrategy_V05,2026-04-05 00:00:00+00:00,68997.9,84241.10416269858,True,block_longs_below,False
530,BTC/USDT:USDT,False,0.0014606140066279,1.8570902,1270.809475,2026-04-12 05:35:07.701442+00:00,2026-04-12 06:05:12.020000+00:00,roi,LiqCascadeStrategy_V05,2026-04-05 00:00:00+00:00,68997.9,84241.10416269858,True,block_longs_below,False
531,BTC/USDT:USDT,True,-0.0020374021476056,-2.54791075,1251.194,2026-04-12 10:05:08.232985+00:00,2026-04-12 10:40:12.052000+00:00,time_stop,LiqCascadeStrategy_V05,2026-04-05 00:00:00+00:00,68997.9,84241.10416269858,False,block_shorts_above,False
532,BTC/USDT:USDT,True,-0.0023512147221767,-2.93868925,1250.48525,2026-04-12 10:50:07.822021+00:00,2026-04-12 11:25:12.033000+00:00,time_stop,LiqCascadeStrategy_V05,2026-04-05 00:00:00+00:00,68997.9,84241.10416269858,False,block_shorts_above,False
533,ETH/USDT:USDT,True,-0.007803136302241,-10.01964512,1284.69593,2026-04-12 10:55:07.869206+00:00,2026-04-12 11:30:12.034000+00:00,time_stop,LiqCascadeStrategy_V05,2026-04-05 00:00:00+00:00,2109.35,2704.0481781622575,False,block_shorts_above,False
534,ETH/USDT:USDT,True,0.0004409752870645,0.5655456,1283.12976,2026-04-12 12:55:02.870481+00:00,2026-04-12 13:25:08.150000+00:00,roi,LiqCascadeStrategy_V05,2026-04-05 00:00:00+00:00,2109.35,2704.0481781622575,False,block_shorts_above,False
535,BTC/USDT:USDT,True,-0.0004947419190475,-0.6317424,1277.5518,2026-04-12 13:05:07.962999+00:00,2026-04-12 13:40:12.037000+00:00,time_stop,LiqCascadeStrategy_V05,2026-04-05 00:00:00+00:00,68997.9,84241.10416269858,False,block_shorts_above,False
536,ETH/USDT:USDT,False,-0.0206884114436665,-26.5541234,1282.8850125,2026-04-12 14:15:02.780037+00:00,2026-04-12 14:50:03.535000+00:00,time_stop,LiqCascadeStrategy_V05,2026-04-05 00:00:00+00:00,2109.35,2704.0481781622575,True,block_longs_below,False
537,SOL/USDT:USDT,True,-0.0128386900659746,-16.4656345,1283.1427,2026-04-12 14:40:07.997821+00:00,2026-04-12 15:15:12.026000+00:00,time_stop,LiqCascadeStrategy_V05,2026-04-05 00:00:00+00:00,81.85,122.48026611664989,False,block_shorts_above,False
538,BTC/USDT:USDT,True,-0.0072578860473052,-9.23931492,1273.6404,2026-04-12 15:35:07.752459+00:00,2026-04-12 16:10:12.053000+00:00,time_stop,LiqCascadeStrategy_V05,2026-04-05 00:00:00+00:00,68997.9,84241.10416269858,False,block_shorts_above,False
539,ETH/USDT:USDT,False,-0.0117069654359415,-14.9244888,1274.201275,2026-04-12 16:05:07.972336+00:00,2026-04-12 16:40:12.511000+00:00,time_stop,LiqCascadeStrategy_V05,2026-04-05 00:00:00+00:00,2109.35,2704.0481781622575,True,block_longs_below,False
540,SOL/USDT:USDT,False,0.000688783650244,0.87483375,1269.47925,2026-04-12 17:10:07.795094+00:00,2026-04-12 17:40:12.040000+00:00,roi,LiqCascadeStrategy_V05,2026-04-05 00:00:00+00:00,81.85,122.48026611664989,True,block_longs_below,False
541,SOL/USDT:USDT,False,-0.004432619256754,-5.6308065,1269.6765,2026-04-12 17:55:02.810511+00:00,2026-04-12 18:30:08.022000+00:00,time_stop,LiqCascadeStrategy_V05,2026-04-05 00:00:00+00:00,81.85,122.48026611664989,True,block_longs_below,False
542,BTC/USDT:USDT,False,-0.0058307251372639,-7.3601085,1261.66645,2026-04-12 17:55:07.834288+00:00,2026-04-12 18:30:09.086000+00:00,time_stop,LiqCascadeStrategy_V05,2026-04-05 00:00:00+00:00,68997.9,84241.10416269858,True,block_longs_below,False
543,ETH/USDT:USDT,False,-0.007827953679768,-9.94415048,1269.70359,2026-04-12 17:55:09.133948+00:00,2026-04-12 18:30:10.129000+00:00,time_stop,LiqCascadeStrategy_V05,2026-04-05 00:00:00+00:00,2109.35,2704.0481781622575,True,block_longs_below,False
544,XRP/USDT:USDT,False,-0.0051499483100462,-6.54377413,1270.0135,2026-04-12 17:55:10.454442+00:00,2026-04-12 18:30:11.189000+00:00,time_stop,LiqCascadeStrategy_V05,2026-04-05 00:00:00+00:00,1.3259,1.854389993213925,True,block_longs_below,False
545,ETH/USDT:USDT,False,-0.0098856293628472,-12.50116645,1263.94775,2026-04-12 20:45:07.711549+00:00,2026-04-12 21:20:12.029000+00:00,time_stop,LiqCascadeStrategy_V05,2026-04-05 00:00:00+00:00,2109.35,2704.0481781622575,True,block_longs_below,False
546,SOL/USDT:USDT,True,0.0155130568817978,19.5618137,1261.621075,2026-04-12 22:05:09.078396+00:00,2026-04-12 22:35:12.567000+00:00,roi,LiqCascadeStrategy_V05,2026-04-05 00:00:00+00:00,81.85,122.48026611664989,False,block_shorts_above,False
547,BTC/USDT:USDT,True,-0.0050162669156592,-6.20425575,1237.446,2026-04-12 22:05:02.891675+00:00,2026-04-12 22:40:03.859000+00:00,time_stop,LiqCascadeStrategy_V05,2026-04-05 00:00:00+00:00,68997.9,84241.10416269858,False,block_shorts_above,False
548,ETH/USDT:USDT,True,-0.0100641008330964,-12.68513882,1261.064925,2026-04-12 22:05:07.782159+00:00,2026-04-12 22:40:09.050000+00:00,time_stop,LiqCascadeStrategy_V05,2026-04-05 00:00:00+00:00,2109.35,2704.0481781622575,False,block_shorts_above,False
549,XRP/USDT:USDT,True,-0.0094348395364575,-11.89794825,1261.696095,2026-04-12 22:05:10.354908+00:00,2026-04-12 22:40:12.038000+00:00,time_stop,LiqCascadeStrategy_V05,2026-04-05 00:00:00+00:00,1.3259,1.854389993213925,False,block_shorts_above,False
550,BTC/USDT:USDT,False,-0.0181405149105175,-22.82014905,1257.337225,2026-04-12 22:40:09.924045+00:00,2026-04-12 23:15:12.031000+00:00,time_stop,LiqCascadeStrategy_V05,2026-04-05 00:00:00+00:00,68997.9,84241.10416269858,True,block_longs_below,False
551,BTC/USDT:USDT,False,0.0035350822055266,4.39103875,1241.51125,2026-04-13 00:30:07.723311+00:00,2026-04-13 01:00:10.337000+00:00,roi,LiqCascadeStrategy_V05,2026-04-05 00:00:00+00:00,68997.9,84241.10416269858,True,block_longs_below,False
552,ETH/USDT:USDT,False,0.0058869761161472,7.38948112,1254.59796,2026-04-13 00:30:09.028297+00:00,2026-04-13 01:00:11.383000+00:00,roi,LiqCascadeStrategy_V05,2026-04-05 00:00:00+00:00,2109.35,2704.0481781622575,True,block_longs_below,False
553,ETH/USDT:USDT,False,-0.0066079427062596,-8.31200962,1257.252985,2026-04-13 01:05:07.706337+00:00,2026-04-13 01:40:12.030000+00:00,time_stop,LiqCascadeStrategy_V05,2026-04-05 00:00:00+00:00,2109.35,2704.0481781622575,True,block_longs_below,False
554,SOL/USDT:USDT,False,0.0021275961460407,2.67282855,1255.63905,2026-04-13 06:20:09.182443+00:00,2026-04-13 06:50:12.573000+00:00,roi,LiqCascadeStrategy_V05,2026-04-05 00:00:00+00:00,81.85,122.48026611664989,True,block_longs_below,False
555,ETH/USDT:USDT,False,5.85398695095076e-05,0.07352919,1255.42548,2026-04-13 06:20:03.810748+00:00,2026-04-13 06:50:27.033000+00:00,roi,LiqCascadeStrategy_V05,2026-04-05 00:00:00+00:00,2109.35,2704.0481781622575,True,block_longs_below,False
556,BTC/USDT:USDT,False,-0.0043075072936156,-5.3555005,1242.67325,2026-04-13 06:20:07.853572+00:00,2026-04-13 06:55:12.026000+00:00,time_stop,LiqCascadeStrategy_V05,2026-04-05 00:00:00+00:00,68997.9,84241.10416269858,True,block_longs_below,False
557,XRP/USDT:USDT,False,-0.0036454167852024,-4.57949922,1255.60694,2026-04-13 06:20:10.501457+00:00,2026-04-13 06:55:13.107000+00:00,time_stop,LiqCascadeStrategy_V05,2026-04-05 00:00:00+00:00,1.3259,1.854389993213925,True,block_longs_below,False
558,BNB/USDT:USDT,False,-0.003399304903091,-4.2698614,1255.47065,2026-04-13 06:20:13.447007+00:00,2026-04-13 06:55:17.027000+00:00,time_stop,LiqCascadeStrategy_V05,2026-04-05 00:00:00+00:00,601.81,764.327327713103,True,block_longs_below,False
559,SOL/USDT:USDT,True,0.0096177343460697,12.04796674,1253.309075,2026-04-13 07:50:02.969260+00:00,2026-04-13 08:20:04.724000+00:00,roi,LiqCascadeStrategy_V05,2026-04-05 00:00:00+00:00,81.85,122.48026611664989,False,block_shorts_above,False
560,ETH/USDT:USDT,False,-0.0132733647797587,-16.6755159,1255.6863,2026-04-13 11:45:07.716409+00:00,2026-04-13 12:20:12.036000+00:00,time_stop,LiqCascadeStrategy_V05,2026-04-05 00:00:00+00:00,2109.35,2704.0481781622575,True,block_longs_below,False
561,BTC/USDT:USDT,False,-0.0029177071642687,-3.6218735,1240.722,2026-04-13 11:50:07.844121+00:00,2026-04-13 12:25:12.494000+00:00,time_stop,LiqCascadeStrategy_V05,2026-04-05 00:00:00+00:00,68997.9,84241.10416269858,True,block_longs_below,False
562,ETH/USDT:USDT,False,0.002011627031882,2.51838367,1251.28817,2026-04-13 12:55:04.468742+00:00,2026-04-13 13:25:08.457000+00:00,roi,LiqCascadeStrategy_V05,2026-04-05 00:00:00+00:00,2109.35,2704.0481781622575,True,block_longs_below,False
563,BTC/USDT:USDT,False,0.0002534473351027,0.3157385,1245.153,2026-04-13 12:55:03.114714+00:00,2026-04-13 13:26:52.053000+00:00,roi,LiqCascadeStrategy_V05,2026-04-05 00:00:00+00:00,68997.9,84241.10416269858,True,block_longs_below,False
564,BTC/USDT:USDT,True,-0.0129909419485589,-16.1434,1243.2875,2026-04-13 13:35:07.655279+00:00,2026-04-13 14:10:12.509000+00:00,time_stop,LiqCascadeStrategy_V05,2026-04-05 00:00:00+00:00,68997.9,84241.10416269858,False,block_shorts_above,False
565,ETH/USDT:USDT,False,-0.0109138110525226,-13.67097535,1252.00475,2026-04-13 13:50:08.026573+00:00,2026-04-13 14:25:12.967000+00:00,time_stop,LiqCascadeStrategy_V05,2026-04-05 00:00:00+00:00,2109.35,2704.0481781622575,True,block_longs_below,False
566,SOL/USDT:USDT,False,-0.0156331507417607,-19.5842851,1252.1147,2026-04-13 13:50:09.358948+00:00,2026-04-13 14:25:14.017000+00:00,time_stop,LiqCascadeStrategy_V05,2026-04-05 00:00:00+00:00,81.85,122.48026611664989,True,block_longs_below,False
567,XRP/USDT:USDT,False,-0.0381848950503109,-47.47273656,1242.612085,2026-04-13 15:00:12.922978+00:00,2026-04-13 15:35:17.036000+00:00,time_stop,LiqCascadeStrategy_V05,2026-04-05 00:00:00+00:00,1.3259,1.854389993213925,True,block_longs_below,False
568,ETH/USDT:USDT,False,0.0299921722639783,36.99525662,1232.88063,2026-04-13 15:50:07.701063+00:00,2026-04-13 16:20:12.051000+00:00,roi,LiqCascadeStrategy_V05,2026-04-05 00:00:00+00:00,2109.35,2704.0481781622575,True,block_longs_below,False
569,ETH/USDT:USDT,False,-0.0216011403998417,-26.80790543,1240.421,2026-04-13 17:35:07.589882+00:00,2026-04-13 18:10:08.857000+00:00,time_stop,LiqCascadeStrategy_V05,2026-04-05 00:00:00+00:00,2109.35,2704.0481781622575,True,block_longs_below,False
570,BTC/USDT:USDT,True,0.0051569053757648,6.3425436,1230.528,2026-04-13 17:40:08.022313+00:00,2026-04-13 18:10:09.905000+00:00,roi,LiqCascadeStrategy_V05,2026-04-05 00:00:00+00:00,68997.9,84241.10416269858,False,block_shorts_above,False
571,BNB/USDT:USDT,False,0.0148828278740194,18.4092159,1236.32525,2026-04-13 19:20:12.604317+00:00,2026-04-13 19:50:17.051000+00:00,roi,LiqCascadeStrategy_V05,2026-04-05 00:00:00+00:00,601.81,764.327327713103,True,block_longs_below,False
572,BTC/USDT:USDT,False,0.0345564741416276,42.7157708,1235.4971,2026-04-13 19:25:08.055007+00:00,2026-04-13 19:55:08.949000+00:00,roi,LiqCascadeStrategy_V05,2026-04-05 00:00:00+00:00,68997.9,84241.10416269858,True,block_longs_below,False
573,SOL/USDT:USDT,False,0.0108143943094816,13.37609295,1236.260475,2026-04-13 19:35:12.936514+00:00,2026-04-13 20:05:17.035000+00:00,roi,LiqCascadeStrategy_V05,2026-04-05 00:00:00+00:00,81.85,122.48026611664989,True,block_longs_below,False
574,ETH/USDT:USDT,False,-0.0132387622479737,-16.53572304,1248.41424,2026-04-13 20:00:07.032493+00:00,2026-04-13 20:35:08.164000+00:00,time_stop,LiqCascadeStrategy_V05,2026-04-05 00:00:00+00:00,2109.35,2704.0481781622575,True,block_longs_below,False
575,XRP/USDT:USDT,False,-0.0196361982930856,-24.5312852,1248.6646,2026-04-13 20:00:10.458474+00:00,2026-04-13 20:35:12.042000+00:00,time_stop,LiqCascadeStrategy_V05,2026-04-05 00:00:00+00:00,1.3259,1.854389993213925,True,block_longs_below,False
576,XRP/USDT:USDT,False,0.000664098459739,0.82595724,1243.10553,2026-04-13 22:20:12.574615+00:00,2026-04-13 22:52:22.063000+00:00,roi,LiqCascadeStrategy_V05,2026-04-05 00:00:00+00:00,1.3259,1.854389993213925,True,block_longs_below,False
577,BTC/USDT:USDT,False,0.0188718815919147,23.1294195,1224.9897,2026-04-13 22:25:12.475161+00:00,2026-04-13 22:55:17.032000+00:00,roi,LiqCascadeStrategy_V05,2026-04-05 00:00:00+00:00,68997.9,84241.10416269858,True,block_longs_below,False
578,ETH/USDT:USDT,False,0.0119532569071638,14.86415818,1242.9022425,2026-04-13 22:55:08.399342+00:00,2026-04-13 23:25:12.493000+00:00,roi,LiqCascadeStrategy_V05,2026-04-05 00:00:00+00:00,2109.35,2704.0481781622575,True,block_longs_below,False
579,BNB/USDT:USDT,False,2.00353926183195e-05,0.0249054,1242.449,2026-04-13 22:55:12.573014+00:00,2026-04-13 23:25:42.049000+00:00,roi,LiqCascadeStrategy_V05,2026-04-05 00:00:00+00:00,601.81,764.327327713103,True,block_longs_below,False
580,BTC/USDT:USDT,False,-0.0072358344865524,-9.02420655,1246.53165,2026-04-14 04:20:07.719217+00:00,2026-04-14 04:55:12.037000+00:00,time_stop,LiqCascadeStrategy_V05,2026-04-05 00:00:00+00:00,68997.9,84241.10416269858,True,block_longs_below,False
581,BTC/USDT:USDT,False,-0.0066281421779099,-8.25237995,1244.429525,2026-04-14 05:10:07.875771+00:00,2026-04-14 05:45:13.311000+00:00,time_stop,LiqCascadeStrategy_V05,2026-04-05 00:00:00+00:00,68997.9,84241.10416269858,True,block_longs_below,False
582,BTC/USDT:USDT,False,0.0014577642067905,1.7925831,1229.0652,2026-04-14 06:55:12.233376+00:00,2026-04-14 07:25:17.039000+00:00,roi,LiqCascadeStrategy_V05,2026-04-05 00:00:00+00:00,68997.9,84241.10416269858,True,block_longs_below,False
583,ETH/USDT:USDT,False,0.0077291269486208,9.64206573,1246.8739575,2026-04-14 07:00:08.774886+00:00,2026-04-14 07:30:12.045000+00:00,roi,LiqCascadeStrategy_V05,2026-04-05 00:00:00+00:00,2109.35,2704.0481781622575,True,block_longs_below,False
584,ETH/USDT:USDT,False,-3.32984036928122e-05,-0.04162034,1249.29533,2026-04-14 08:35:07.753109+00:00,2026-04-14 09:08:47.051000+00:00,roi,LiqCascadeStrategy_V05,2026-04-05 00:00:00+00:00,2109.35,2704.0481781622575,True,block_longs_below,False
585,SOL/USDT:USDT,False,-0.0053888823078888,-6.73698825,1249.539525,2026-04-14 08:35:09.064243+00:00,2026-04-14 09:10:12.484000+00:00,time_stop,LiqCascadeStrategy_V05,2026-04-05 00:00:00+00:00,81.85,122.48026611664989,True,block_longs_below,False
586,BNB/USDT:USDT,False,-0.0050319623162737,-6.2885024,1249.0872,2026-04-14 08:35:10.404354+00:00,2026-04-14 09:10:13.532000+00:00,time_stop,LiqCascadeStrategy_V05,2026-04-05 00:00:00+00:00,601.81,764.327327713103,True,block_longs_below,False
587,BTC/USDT:USDT,True,-0.0022079812354231,-2.71198455,1228.87875,2026-04-14 09:45:12.064537+00:00,2026-04-14 10:20:17.041000+00:00,time_stop,LiqCascadeStrategy_V05,2026-04-05 00:00:00+00:00,68997.9,84241.10416269858,False,block_shorts_above,False
588,ETH/USDT:USDT,True,0.0004330279096402,0.53909644,1245.56896,2026-04-14 10:40:08.412152+00:00,2026-04-14 11:10:12.496000+00:00,roi,LiqCascadeStrategy_V05,2026-04-05 00:00:00+00:00,2109.35,2704.0481781622575,False,block_shorts_above,False
589,SOL/USDT:USDT,False,-0.0109564442297078,-13.66108155,1246.23045,2026-04-14 10:40:09.874292+00:00,2026-04-14 11:15:12.824000+00:00,time_stop,LiqCascadeStrategy_V05,2026-04-05 00:00:00+00:00,81.85,122.48026611664989,True,block_longs_below,False
590,ETH/USDT:USDT,False,0.0025721597251566,3.20068678,1243.73584,2026-04-14 13:05:07.875083+00:00,2026-04-14 13:35:12.199000+00:00,roi,LiqCascadeStrategy_V05,2026-04-05 00:00:00+00:00,2109.35,2704.0481781622575,True,block_longs_below,False
591,BTC/USDT:USDT,False,0.0041909999198311,5.158659,1230.27465,2026-04-14 13:05:12.608685+00:00,2026-04-14 13:35:13.317000+00:00,roi,LiqCascadeStrategy_V05,2026-04-05 00:00:00+00:00,68997.9,84241.10416269858,True,block_longs_below,False
592,XRP/USDT:USDT,False,0.0398439158681213,49.58388225,1243.831125,2026-04-14 13:35:10.379081+00:00,2026-04-14 13:53:27.219000+00:00,roi,LiqCascadeStrategy_V05,2026-04-05 00:00:00+00:00,1.3259,1.854389993213925,True,block_longs_below,False
593,SOL/USDT:USDT,False,0.0232674226088066,28.95110955,1243.654775,2026-04-14 13:35:08.956544+00:00,2026-04-14 14:05:12.620000+00:00,roi,LiqCascadeStrategy_V05,2026-04-05 00:00:00+00:00,81.85,122.48026611664989,True,block_longs_below,False
594,BTC/USDT:USDT,False,0.0317361403443865,39.2002215,1234.57455,2026-04-14 13:40:08.192961+00:00,2026-04-14 14:10:15.409000+00:00,roi,LiqCascadeStrategy_V05,2026-04-05 00:00:00+00:00,68997.9,84241.10416269858,True,block_longs_below,False
595,ETH/USDT:USDT,False,-0.0083560568708934,-10.413843,1245.64,2026-04-14 13:40:12.801861+00:00,2026-04-14 14:15:16.983000+00:00,time_stop,LiqCascadeStrategy_V05,2026-04-05 00:00:00+00:00,2109.35,2704.0481781622575,True,block_longs_below,False
596,BNB/USDT:USDT,False,-0.0039335763711347,-4.90042795,1245.17195,2026-04-14 13:45:13.176231+00:00,2026-04-14 14:20:16.985000+00:00,time_stop,LiqCascadeStrategy_V05,2026-04-05 00:00:00+00:00,601.81,764.327327713103,True,block_longs_below,False
597,BTC/USDT:USDT,False,-0.0370759555568327,-46.95032705,1265.695325,2026-04-14 14:25:08.110699+00:00,2026-04-14 15:00:09.042000+00:00,time_stop,LiqCascadeStrategy_V05,2026-04-05 00:00:00+00:00,68997.9,84241.10416269858,True,block_longs_below,False
598,ETH/USDT:USDT,False,-0.0935006385268775,-118.3921665,1265.58494,2026-04-14 14:35:07.908421+00:00,2026-04-14 15:10:12.524000+00:00,time_stop,LiqCascadeStrategy_V05,2026-04-05 00:00:00+00:00,2109.35,2704.0481781622575,True,block_longs_below,False
599,SOL/USDT:USDT,False,-0.07838921265637,-99.2672978,1265.7059,2026-04-14 14:35:09.191997+00:00,2026-04-14 15:10:13.612000+00:00,time_stop,LiqCascadeStrategy_V05,2026-04-05 00:00:00+00:00,81.85,122.48026611664989,True,block_longs_below,False
600,XRP/USDT:USDT,True,0.0149663386525187,18.93565936,1265.849475,2026-04-14 14:40:13.012453+00:00,2026-04-14 15:10:14.707000+00:00,roi,LiqCascadeStrategy_V05,2026-04-05 00:00:00+00:00,1.3259,1.854389993213925,False,block_shorts_above,False
601,BTC/USDT:USDT,True,-0.0066937683442,-8.27455035,1236.77565,2026-04-14 15:05:03.744707+00:00,2026-04-14 15:40:08.186000+00:00,time_stop,LiqCascadeStrategy_V05,2026-04-05 00:00:00+00:00,68997.9,84241.10416269858,False,block_shorts_above,False
602,SOL/USDT:USDT,True,-0.0186511201014587,-22.6781625,1216.5225,2026-04-14 15:10:15.574393+00:00,2026-04-14 15:45:16.987000+00:00,time_stop,LiqCascadeStrategy_V05,2026-04-05 00:00:00+00:00,81.85,122.48026611664989,False,block_shorts_above,False
603,BNB/USDT:USDT,True,-0.0085282057086937,-10.2998196,1208.34,2026-04-14 17:35:07.973843+00:00,2026-04-14 18:10:12.434000+00:00,time_stop,LiqCascadeStrategy_V05,2026-04-05 00:00:00+00:00,601.81,764.327327713103,False,block_shorts_above,False
604,SOL/USDT:USDT,True,0.0003863128797883,0.4667577,1208.8419,2026-04-14 18:50:12.290348+00:00,2026-04-14 19:25:03.701000+00:00,roi,LiqCascadeStrategy_V05,2026-04-05 00:00:00+00:00,81.85,122.48026611664989,False,block_shorts_above,False
605,XRP/USDT:USDT,True,-0.0042224840782575,-5.10207093,1208.91474,2026-04-14 18:50:07.921647+00:00,2026-04-14 19:25:12.732000+00:00,time_stop,LiqCascadeStrategy_V05,2026-04-05 00:00:00+00:00,1.3259,1.854389993213925,False,block_shorts_above,False
606,BTC/USDT:USDT,False,-0.0050755832464129,-6.0561184,1192.5904,2026-04-15 00:10:07.909275+00:00,2026-04-15 00:45:12.052000+00:00,time_stop,LiqCascadeStrategy_V05,2026-04-05 00:00:00+00:00,68997.9,84241.10416269858,True,block_longs_below,False
607,ETH/USDT:USDT,False,-0.0144217893875433,-17.42755706,1207.81459,2026-04-15 00:10:09.280710+00:00,2026-04-15 00:45:13.118000+00:00,time_stop,LiqCascadeStrategy_V05,2026-04-05 00:00:00+00:00,2109.35,2704.0481781622575,True,block_longs_below,False
608,XRP/USDT:USDT,False,-0.0107435456625163,-12.93518342,1203.3940625,2026-04-15 00:50:12.370975+00:00,2026-04-15 01:25:17.262000+00:00,time_stop,LiqCascadeStrategy_V05,2026-04-05 00:00:00+00:00,1.3259,1.854389993213925,True,block_longs_below,False
609,BTC/USDT:USDT,True,0.0018633080961474,2.2075776,1185.3552,2026-04-15 05:25:07.825747+00:00,2026-04-15 05:55:12.036000+00:00,roi,LiqCascadeStrategy_V05,2026-04-05 00:00:00+00:00,68997.9,84241.10416269858,False,block_shorts_above,False
610,BTC/USDT:USDT,False,0.0152379705090382,18.2596635,1197.701375,2026-04-15 08:10:08.055701+00:00,2026-04-15 08:40:12.708000+00:00,roi,LiqCascadeStrategy_V05,2026-04-05 00:00:00+00:00,68997.9,84241.10416269858,True,block_longs_below,False
611,ETH/USDT:USDT,False,0.0084137607926116,10.11218805,1201.2624,2026-04-15 08:25:08.054922+00:00,2026-04-15 08:55:12.544000+00:00,roi,LiqCascadeStrategy_V05,2026-04-05 00:00:00+00:00,2109.35,2704.0481781622575,True,block_longs_below,False
612,BTC/USDT:USDT,False,-0.0157919459336502,-19.03356,1204.66775,2026-04-15 08:55:08.036836+00:00,2026-04-15 09:30:12.690000+00:00,time_stop,LiqCascadeStrategy_V05,2026-04-05 00:00:00+00:00,68997.9,84241.10416269858,True,block_longs_below,False
613,BTC/USDT:USDT,False,-0.0079511066784862,-9.43096,1185.5264,2026-04-15 10:10:08.044239+00:00,2026-04-15 10:45:12.891000+00:00,time_stop,LiqCascadeStrategy_V05,2026-04-05 00:00:00+00:00,68997.9,84241.10416269858,True,block_longs_below,False
614,SOL/USDT:USDT,False,-0.0041569278963062,-5.00273795,1202.86855,2026-04-15 10:10:09.417413+00:00,2026-04-15 10:45:13.906000+00:00,time_stop,LiqCascadeStrategy_V05,2026-04-05 00:00:00+00:00,81.85,122.48026611664989,True,block_longs_below,False
615,SOL/USDT:USDT,False,-0.0048755466298044,-5.854752,1200.24,2026-04-15 10:50:07.593191+00:00,2026-04-15 11:25:12.005000+00:00,time_stop,LiqCascadeStrategy_V05,2026-04-05 00:00:00+00:00,81.85,122.48026611664989,True,block_longs_below,False
616,ETH/USDT:USDT,False,-0.0049747253303022,-5.96592604,1198.648,2026-04-15 11:50:07.929323+00:00,2026-04-15 12:25:12.466000+00:00,time_stop,LiqCascadeStrategy_V05,2026-04-05 00:00:00+00:00,2109.35,2704.0481781622575,True,block_longs_below,False
617,BNB/USDT:USDT,False,-0.0141734831398122,-17.0036037,1199.0776,2026-04-15 11:50:09.187115+00:00,2026-04-15 12:25:13.457000+00:00,time_stop,LiqCascadeStrategy_V05,2026-04-05 00:00:00+00:00,601.81,764.327327713103,True,block_longs_below,False
618,BTC/USDT:USDT,False,-0.0102511217167966,-12.2064768,1190.1504,2026-04-15 12:40:07.825963+00:00,2026-04-15 13:15:12.084000+00:00,time_stop,LiqCascadeStrategy_V05,2026-04-05 00:00:00+00:00,68997.9,84241.10416269858,True,block_longs_below,False
619,XRP/USDT:USDT,False,-0.0095484095033223,-11.41178304,1194.5528725,2026-04-15 12:55:07.970321+00:00,2026-04-15 13:30:12.110000+00:00,time_stop,LiqCascadeStrategy_V05,2026-04-05 00:00:00+00:00,1.3259,1.854389993213925,True,block_longs_below,False
620,BTC/USDT:USDT,True,-0.0101044017871232,-11.932632,1181.5248,2026-04-15 13:45:07.907053+00:00,2026-04-15 14:20:12.815000+00:00,time_stop,LiqCascadeStrategy_V05,2026-04-05 00:00:00+00:00,68997.9,84241.10416269858,False,block_shorts_above,False
621,XRP/USDT:USDT,False,0.0176241215455449,20.98047887,1189.84619,2026-04-15 14:20:08.153055+00:00,2026-04-15 14:50:12.089000+00:00,roi,LiqCascadeStrategy_V05,2026-04-05 00:00:00+00:00,1.3259,1.854389993213925,True,block_longs_below,False
622,SOL/USDT:USDT,False,0.0074123556900907,8.8059533,1187.416375,2026-04-15 14:20:15.594935+00:00,2026-04-15 14:50:17.341000+00:00,roi,LiqCascadeStrategy_V05,2026-04-05 00:00:00+00:00,81.85,122.48026611664989,True,block_longs_below,False
623,BTC/USDT:USDT,False,-0.0046286984473186,-5.4927072,1186.0704,2026-04-15 14:20:14.005325+00:00,2026-04-15 14:55:17.041000+00:00,time_stop,LiqCascadeStrategy_V05,2026-04-05 00:00:00+00:00,68997.9,84241.10416269858,True,block_longs_below,False
624,ETH/USDT:USDT,False,-0.0190770605005107,-22.75542147,1192.21981,2026-04-15 15:20:08.758246+00:00,2026-04-15 15:55:12.083000+00:00,time_stop,LiqCascadeStrategy_V05,2026-04-05 00:00:00+00:00,2109.35,2704.0481781622575,True,block_longs_below,False
625,BTC/USDT:USDT,True,-0.0095992165190286,-11.3040806,1178.1936,2026-04-15 15:35:07.931970+00:00,2026-04-15 16:10:12.741000+00:00,time_stop,LiqCascadeStrategy_V05,2026-04-05 00:00:00+00:00,68997.9,84241.10416269858,False,block_shorts_above,False
626,BNB/USDT:USDT,False,-0.0049625354675906,-5.88551495,1185.3968,2026-04-15 16:25:08.002595+00:00,2026-04-15 17:00:08.965000+00:00,time_stop,LiqCascadeStrategy_V05,2026-04-05 00:00:00+00:00,601.81,764.327327713103,True,block_longs_below,False
627,BTC/USDT:USDT,False,0.0010217226948881,1.19323575,1167.2829,2026-04-15 17:30:08.028950+00:00,2026-04-15 18:02:32.326000+00:00,roi,LiqCascadeStrategy_V05,2026-04-05 00:00:00+00:00,68997.9,84241.10416269858,True,block_longs_below,False
628,ETH/USDT:USDT,False,-7.38567076619833e-05,-0.08751837,1184.38305,2026-04-15 17:30:09.416438+00:00,2026-04-15 18:05:12.093000+00:00,time_stop,LiqCascadeStrategy_V05,2026-04-05 00:00:00+00:00,2109.35,2704.0481781622575,True,block_longs_below,False
629,SOL/USDT:USDT,False,-0.0082300577176697,-9.7508769,1184.1963,2026-04-15 17:30:10.826529+00:00,2026-04-15 18:05:13.187000+00:00,time_stop,LiqCascadeStrategy_V05,2026-04-05 00:00:00+00:00,81.85,122.48026611664989,True,block_longs_below,False
630,BNB/USDT:USDT,False,0.0035288803316284,4.1777793,1183.29075,2026-04-15 17:40:08.688833+00:00,2026-04-15 18:10:12.097000+00:00,roi,LiqCascadeStrategy_V05,2026-04-05 00:00:00+00:00,601.81,764.327327713103,True,block_longs_below,False
631,ETH/USDT:USDT,False,0.0142736904373233,16.8990306,1183.33695,2026-04-15 19:05:03.377089+00:00,2026-04-15 19:35:07.921000+00:00,roi,LiqCascadeStrategy_V05,2026-04-05 00:00:00+00:00,2109.35,2704.0481781622575,True,block_longs_below,False
632,BTC/USDT:USDT,False,0.020141236687092,23.62701285,1172.4804,2026-04-15 19:05:07.995992+00:00,2026-04-15 19:35:09.009000+00:00,roi,LiqCascadeStrategy_V05,2026-04-05 00:00:00+00:00,68997.9,84241.10416269858,True,block_longs_below,False
633,XRP/USDT:USDT,False,0.0417643382242431,49.4530954,1183.50687,2026-04-15 19:30:03.356012+00:00,2026-04-15 19:36:27.328000+00:00,trailing_stop_loss,LiqCascadeStrategy_V05,2026-04-05 00:00:00+00:00,1.3259,1.854389993213925,True,block_longs_below,False
634,BTC/USDT:USDT,False,-0.0282392938611034,-33.9354688,1201.1104,2026-04-15 19:40:07.852224+00:00,2026-04-15 20:15:11.374000+00:00,time_stop,LiqCascadeStrategy_V05,2026-04-05 00:00:00+00:00,68997.9,84241.10416269858,True,block_longs_below,False
635,ETH/USDT:USDT,False,-0.0291264923982154,-34.99744326,1200.9669,2026-04-15 19:40:09.251833+00:00,2026-04-15 20:15:12.466000+00:00,time_stop,LiqCascadeStrategy_V05,2026-04-05 00:00:00+00:00,2109.35,2704.0481781622575,True,block_longs_below,False
636,SOL/USDT:USDT,False,-0.030644247366256,-36.82851095,1201.2077,2026-04-15 19:40:10.682045+00:00,2026-04-15 20:15:13.591000+00:00,time_stop,LiqCascadeStrategy_V05,2026-04-05 00:00:00+00:00,81.85,122.48026611664989,True,block_longs_below,False
637,BNB/USDT:USDT,False,-0.0257393122345887,-30.9084447,1200.22625,2026-04-15 19:40:12.107987+00:00,2026-04-15 20:15:14.698000+00:00,time_stop,LiqCascadeStrategy_V05,2026-04-05 00:00:00+00:00,601.81,764.327327713103,True,block_longs_below,False
638,XRP/USDT:USDT,False,-0.0379034725020112,-45.55796926,1201.3464375,2026-04-15 19:40:13.505039+00:00,2026-04-15 20:15:15.775000+00:00,time_stop,LiqCascadeStrategy_V05,2026-04-05 00:00:00+00:00,1.3259,1.854389993213925,True,block_longs_below,False
639,BTC/USDT:USDT,True,0.0035284809315394,4.09489385,1161.10655,2026-04-15 23:00:08.765054+00:00,2026-04-15 23:30:12.625000+00:00,roi,LiqCascadeStrategy_V05,2026-04-05 00:00:00+00:00,68997.9,84241.10416269858,False,block_shorts_above,False
640,BTC/USDT:USDT,True,-0.0087241672771358,-10.06566745,1154.34545,2026-04-16 00:25:07.617427+00:00,2026-04-16 01:00:09.087000+00:00,time_stop,LiqCascadeStrategy_V05,2026-04-05 00:00:00+00:00,68997.9,84241.10416269858,False,block_shorts_above,False
641,BTC/USDT:USDT,True,-0.0039746851676648,-4.59082875,1155.59475,2026-04-16 01:10:07.617392+00:00,2026-04-16 01:45:12.516000+00:00,time_stop,LiqCascadeStrategy_V05,2026-04-05 00:00:00+00:00,68997.9,84241.10416269858,False,block_shorts_above,False
642,ETH/USDT:USDT,False,0.0001345268477658,0.15647769,1162.5894225,2026-04-16 02:35:07.603026+00:00,2026-04-16 03:07:36.970000+00:00,roi,LiqCascadeStrategy_V05,2026-04-05 00:00:00+00:00,2109.35,2704.0481781622575,True,block_longs_below,False
643,BTC/USDT:USDT,False,-0.0125733748208179,-14.4282934,1146.954025,2026-04-16 02:45:08.944206+00:00,2026-04-16 03:20:12.005000+00:00,time_stop,LiqCascadeStrategy_V05,2026-04-05 00:00:00+00:00,68997.9,84241.10416269858,True,block_longs_below,False
644,BTC/USDT:USDT,True,-0.0066155076833311,-7.427061,1123.236,2026-04-16 04:10:07.806940+00:00,2026-04-16 04:45:11.983000+00:00,time_stop,LiqCascadeStrategy_V05,2026-04-05 00:00:00+00:00,68997.9,84241.10416269858,False,block_shorts_above,False
645,ETH/USDT:USDT,True,-0.0035840136622322,-4.15003155,1158.50775,2026-04-16 04:50:07.644586+00:00,2026-04-16 05:25:11.942000+00:00,time_stop,LiqCascadeStrategy_V05,2026-04-05 00:00:00+00:00,2109.35,2704.0481781622575,False,block_shorts_above,False
646,XRP/USDT:USDT,True,-0.0014306298448369,-1.65707304,1158.8616,2026-04-16 04:50:08.870110+00:00,2026-04-16 05:25:12.891000+00:00,time_stop,LiqCascadeStrategy_V05,2026-04-05 00:00:00+00:00,1.3259,1.854389993213925,False,block_shorts_above,False
647,BTC/USDT:USDT,False,-0.0077736821513707,-8.90000675,1144.3173,2026-04-16 06:00:08.215733+00:00,2026-04-16 06:35:12.711000+00:00,time_stop,LiqCascadeStrategy_V05,2026-04-05 00:00:00+00:00,68997.9,84241.10416269858,True,block_longs_below,False
648,ETH/USDT:USDT,True,-0.0047174272685325,-5.44774004,1155.38936,2026-04-16 07:55:07.749034+00:00,2026-04-16 08:30:12.005000+00:00,time_stop,LiqCascadeStrategy_V05,2026-04-05 00:00:00+00:00,2109.35,2704.0481781622575,False,block_shorts_above,False
649,ETH/USDT:USDT,False,0.000437054429018,0.50475339,1154.3210775,2026-04-16 08:45:07.799665+00:00,2026-04-16 09:16:17.002000+00:00,roi,LiqCascadeStrategy_V05,2026-04-05 00:00:00+00:00,2109.35,2704.0481781622575,True,block_longs_below,False
650,XRP/USDT:USDT,False,0.0010784360096047,1.24620132,1154.986035,2026-04-16 09:20:07.851200+00:00,2026-04-16 09:51:02.017000+00:00,roi,LiqCascadeStrategy_V05,2026-04-05 00:00:00+00:00,1.3259,1.854389993213925,True,block_longs_below,False
651,ETH/USDT:USDT,True,-0.0064537311614342,-7.45148736,1155.17904,2026-04-16 10:05:07.788886+00:00,2026-04-16 10:40:08.545000+00:00,time_stop,LiqCascadeStrategy_V05,2026-04-05 00:00:00+00:00,2109.35,2704.0481781622575,False,block_shorts_above,False
652,BTC/USDT:USDT,True,6.31147818713616e-05,0.0728345,1154.57795,2026-04-16 10:10:07.964008+00:00,2026-04-16 10:40:09.515000+00:00,roi,LiqCascadeStrategy_V05,2026-04-05 00:00:00+00:00,68997.9,84241.10416269858,False,block_shorts_above,False
653,SOL/USDT:USDT,True,-0.0124083781020945,-14.3234294,1154.9128,2026-04-16 10:20:08.227210+00:00,2026-04-16 10:55:12.391000+00:00,time_stop,LiqCascadeStrategy_V05,2026-04-05 00:00:00+00:00,81.85,122.48026611664989,False,block_shorts_above,False
654,BTC/USDT:USDT,True,-0.0028882365711157,-3.32176005,1150.67505,2026-04-16 10:50:08.179974+00:00,2026-04-16 11:25:12.372000+00:00,time_stop,LiqCascadeStrategy_V05,2026-04-05 00:00:00+00:00,68997.9,84241.10416269858,False,block_shorts_above,False
655,BTC/USDT:USDT,False,0.0038270016734625,4.35052915,1136.230225,2026-04-16 11:55:07.660476+00:00,2026-04-16 12:25:11.954000+00:00,roi,LiqCascadeStrategy_V05,2026-04-05 00:00:00+00:00,68997.9,84241.10416269858,True,block_longs_below,False
656,ETH/USDT:USDT,False,-0.0091228763818998,-10.49387888,1149.70697,2026-04-16 12:05:07.046108+00:00,2026-04-16 12:40:08.140000+00:00,time_stop,LiqCascadeStrategy_V05,2026-04-05 00:00:00+00:00,2109.35,2704.0481781622575,True,block_longs_below,False
657,SOL/USDT:USDT,False,-0.010551125983219,-12.141417,1150.147325,2026-04-16 12:15:08.182295+00:00,2026-04-16 12:50:11.987000+00:00,time_stop,LiqCascadeStrategy_V05,2026-04-05 00:00:00+00:00,81.85,122.48026611664989,True,block_longs_below,False
658,SOL/USDT:USDT,False,-0.0226143625135953,-25.9439572,1146.6603,2026-04-16 13:15:07.636394+00:00,2026-04-16 13:50:12.408000+00:00,time_stop,LiqCascadeStrategy_V05,2026-04-05 00:00:00+00:00,81.85,122.48026611664989,True,block_longs_below,False
659,BTC/USDT:USDT,False,-0.0896266533812859,-102.399419,1141.939825,2026-04-16 13:20:07.967064+00:00,2026-04-16 13:55:13.368000+00:00,time_stop,LiqCascadeStrategy_V05,2026-04-05 00:00:00+00:00,68997.9,84241.10416269858,True,block_longs_below,False
660,XRP/USDT:USDT,False,-0.0672577692661094,-77.15956864,1146.64832,2026-04-16 13:30:07.984348+00:00,2026-04-16 14:05:12.387000+00:00,time_stop,LiqCascadeStrategy_V05,2026-04-05 00:00:00+00:00,1.3259,1.854389993213925,True,block_longs_below,False
661,ETH/USDT:USDT,True,0.0030289552973401,3.45295845,1140.553575,2026-04-16 13:55:08.154147+00:00,2026-04-16 14:25:12.396000+00:00,roi,LiqCascadeStrategy_V05,2026-04-05 00:00:00+00:00,2109.35,2704.0481781622575,False,block_shorts_above,False
662,SOL/USDT:USDT,True,-0.0137002311531437,-15.63260685,1141.61775,2026-04-16 13:55:09.379162+00:00,2026-04-16 14:30:12.407000+00:00,time_stop,LiqCascadeStrategy_V05,2026-04-05 00:00:00+00:00,81.85,122.48026611664989,False,block_shorts_above,False
663,BNB/USDT:USDT,True,-0.0083442702763054,-9.47007135,1135.4868,2026-04-16 13:55:10.570480+00:00,2026-04-16 14:30:13.390000+00:00,time_stop,LiqCascadeStrategy_V05,2026-04-05 00:00:00+00:00,601.81,764.327327713103,False,block_shorts_above,False
664,BTC/USDT:USDT,True,-0.0140965034340937,-14.4599994,1026.2994,2026-04-16 13:55:14.900167+00:00,2026-04-16 14:30:17.416000+00:00,time_stop,LiqCascadeStrategy_V05,2026-04-05 00:00:00+00:00,68997.9,84241.10416269858,False,block_shorts_above,False
665,ETH/USDT:USDT,False,0.0253304222951352,27.84485776,1098.71608,2026-04-16 14:55:07.645009+00:00,2026-04-16 15:25:11.972000+00:00,roi,LiqCascadeStrategy_V05,2026-04-05 00:00:00+00:00,2109.35,2704.0481781622575,True,block_longs_below,False
666,BTC/USDT:USDT,False,0.0103479732242429,11.34444035,1095.748,2026-04-16 15:10:07.907268+00:00,2026-04-16 15:40:12.275000+00:00,roi,LiqCascadeStrategy_V05,2026-04-05 00:00:00+00:00,68997.9,84241.10416269858,True,block_longs_below,False
667,SOL/USDT:USDT,False,0.0010824453700103,1.18999,1098.804,2026-04-16 15:25:08.157988+00:00,2026-04-16 15:56:02.003000+00:00,roi,LiqCascadeStrategy_V05,2026-04-05 00:00:00+00:00,81.85,122.48026611664989,True,block_longs_below,False
668,ETH/USDT:USDT,False,0.0024620235634063,2.71903191,1103.83715,2026-04-16 15:40:08.261821+00:00,2026-04-16 16:10:12.022000+00:00,roi,LiqCascadeStrategy_V05,2026-04-05 00:00:00+00:00,2109.35,2704.0481781622575,True,block_longs_below,False
669,ETH/USDT:USDT,True,1.90698855324728e-06,0.00211055,1107.298625,2026-04-16 16:35:07.630680+00:00,2026-04-16 17:05:26.976000+00:00,roi,LiqCascadeStrategy_V05,2026-04-05 00:00:00+00:00,2109.35,2704.0481781622575,False,block_shorts_above,False
670,ETH/USDT:USDT,False,0.0020661497073431,2.28851396,1107.0689925,2026-04-16 18:55:07.701956+00:00,2026-04-16 19:25:11.980000+00:00,roi,LiqCascadeStrategy_V05,2026-04-05 00:00:00+00:00,2109.35,2704.0481781622575,True,block_longs_below,False
671,ETH/USDT:USDT,False,0.0009188406713109,1.0183396,1107.7336,2026-04-16 19:45:08.446474+00:00,2026-04-16 20:15:42.009000+00:00,roi,LiqCascadeStrategy_V05,2026-04-05 00:00:00+00:00,2109.35,2704.0481781622575,True,block_longs_below,False
672,ETH/USDT:USDT,False,-0.0134511704373065,-14.90834637,1107.7769025,2026-04-17 02:00:08.378959+00:00,2026-04-17 02:35:11.963000+00:00,time_stop,LiqCascadeStrategy_V05,2026-04-05 00:00:00+00:00,2109.35,2704.0481781622575,True,block_longs_below,False
673,BTC/USDT:USDT,False,0.0021202703529665,2.33584245,1101.121425,2026-04-17 05:55:07.683164+00:00,2026-04-17 06:25:08.512000+00:00,roi,LiqCascadeStrategy_V05,2026-04-05 00:00:00+00:00,68997.9,84241.10416269858,True,block_longs_below,False
674,BTC/USDT:USDT,False,-0.0077836871038165,-8.4746381,1088.225,2026-04-17 07:10:03.564211+00:00,2026-04-17 07:45:08.038000+00:00,time_stop,LiqCascadeStrategy_V05,2026-04-05 00:00:00+00:00,68997.9,84241.10416269858,True,block_longs_below,False
675,ETH/USDT:USDT,False,-0.0142625089955385,-15.76692574,1104.9280475,2026-04-17 07:10:07.723953+00:00,2026-04-17 07:45:09.011000+00:00,time_stop,LiqCascadeStrategy_V05,2026-04-05 00:00:00+00:00,2109.35,2704.0481781622575,True,block_longs_below,False
676,BTC/USDT:USDT,False,0.0125952024850456,13.7642468,1092.2705,2026-04-17 08:35:12.364309+00:00,2026-04-17 09:05:18.126000+00:00,roi,LiqCascadeStrategy_V05,2026-04-05 00:00:00+00:00,68997.9,84241.10416269858,True,block_longs_below,False
677,ETH/USDT:USDT,False,-0.0041510901865112,-4.57101395,1100.60957,2026-04-17 08:35:07.789488+00:00,2026-04-17 09:10:08.518000+00:00,time_stop,LiqCascadeStrategy_V05,2026-04-05 00:00:00+00:00,2109.35,2704.0481781622575,True,block_longs_below,False
678,BTC/USDT:USDT,False,-0.0308324914574328,-33.52182825,1086.680775,2026-04-17 09:30:07.655831+00:00,2026-04-17 10:05:12.011000+00:00,time_stop,LiqCascadeStrategy_V05,2026-04-05 00:00:00+00:00,68997.9,84241.10416269858,True,block_longs_below,False
679,ETH/USDT:USDT,False,-0.027034617839459,-29.80795889,1102.03379,2026-04-17 09:30:08.924991+00:00,2026-04-17 10:05:12.997000+00:00,time_stop,LiqCascadeStrategy_V05,2026-04-05 00:00:00+00:00,2109.35,2704.0481781622575,True,block_longs_below,False
680,SOL/USDT:USDT,False,-0.0384308740884705,-42.3818265,1102.2556,2026-04-17 09:30:10.191119+00:00,2026-04-17 10:05:13.969000+00:00,time_stop,LiqCascadeStrategy_V05,2026-04-05 00:00:00+00:00,81.85,122.48026611664989,True,block_longs_below,False
681,ETH/USDT:USDT,True,-0.0048219241986492,-5.20908895,1080.833,2026-04-17 10:30:03.184384+00:00,2026-04-17 11:05:08.208000+00:00,time_stop,LiqCascadeStrategy_V05,2026-04-05 00:00:00+00:00,2109.35,2704.0481781622575,False,block_shorts_above,False
682,BTC/USDT:USDT,True,-0.004661217466989,-4.903689,1052.5452,2026-04-17 10:30:08.677247+00:00,2026-04-17 11:05:11.975000+00:00,time_stop,LiqCascadeStrategy_V05,2026-04-05 00:00:00+00:00,68997.9,84241.10416269858,False,block_shorts_above,False
683,ETH/USDT:USDT,False,0.0401523431451913,43.3608721,1079.3692,2026-04-17 12:50:07.763509+00:00,2026-04-17 13:11:02.044000+00:00,roi,LiqCascadeStrategy_V05,2026-04-05 00:00:00+00:00,2109.35,2704.0481781622575,True,block_longs_below,False
684,BTC/USDT:USDT,False,0.0390426344966074,41.6286332,1065.7024,2026-04-17 13:05:03.096074+00:00,2026-04-17 13:26:12.012000+00:00,roi,LiqCascadeStrategy_V05,2026-04-05 00:00:00+00:00,68997.9,84241.10416269858,True,block_longs_below,False
685,ETH/USDT:USDT,False,0.0123389787334141,13.43023984,1087.8962,2026-04-17 13:15:07.987770+00:00,2026-04-17 13:45:12.378000+00:00,roi,LiqCascadeStrategy_V05,2026-04-05 00:00:00+00:00,2109.35,2704.0481781622575,True,block_longs_below,False
686,BTC/USDT:USDT,False,0.008135027267594,8.8041744,1081.7142,2026-04-17 13:55:07.615277+00:00,2026-04-17 14:25:12.811000+00:00,roi,LiqCascadeStrategy_V05,2026-04-05 00:00:00+00:00,68997.9,84241.10416269858,True,block_longs_below,False
687,ETH/USDT:USDT,False,0.0007113629805497,0.78211552,1098.911075,2026-04-17 13:55:09.323721+00:00,2026-04-17 14:25:46.983000+00:00,roi,LiqCascadeStrategy_V05,2026-04-05 00:00:00+00:00,2109.35,2704.0481781622575,True,block_longs_below,False
688,ETH/USDT:USDT,False,-0.0218475304598336,-24.055889,1100.5302,2026-04-17 22:35:07.734588+00:00,2026-04-17 23:10:12.390000+00:00,time_stop,LiqCascadeStrategy_V05,2026-04-05 00:00:00+00:00,2109.35,2704.0481781622575,True,block_longs_below,False
689,ETH/USDT:USDT,True,-0.0031272042141164,-3.42313074,1095.17733,2026-04-17 23:20:08.558593+00:00,2026-04-17 23:55:11.961000+00:00,time_stop,LiqCascadeStrategy_V05,2026-04-05 00:00:00+00:00,2109.35,2704.0481781622575,False,block_shorts_above,False
690,BTC/USDT:USDT,False,-0.0101518805453954,-10.969448,1079.9936,2026-04-18 00:05:12.193075+00:00,2026-04-18 00:40:16.953000+00:00,time_stop,LiqCascadeStrategy_V05,2026-04-05 00:00:00+00:00,68997.9,84241.10416269858,True,block_longs_below,False
691,SOL/USDT:USDT,True,-0.003135021685534,-3.42556715,1093.22395,2026-04-18 03:55:07.682019+00:00,2026-04-18 04:30:12.399000+00:00,time_stop,LiqCascadeStrategy_V05,2026-04-05 00:00:00+00:00,81.85,122.48026611664989,False,block_shorts_above,False
692,BTC/USDT:USDT,False,0.001432329069892,1.5457316,1078.6342,2026-04-18 04:55:07.542403+00:00,2026-04-18 05:25:11.972000+00:00,roi,LiqCascadeStrategy_V05,2026-04-05 00:00:00+00:00,68997.9,84241.10416269858,True,block_longs_below,False
693,BNB/USDT:USDT,False,-0.0188539436413687,-20.6044833,1092.30125,2026-04-18 05:10:12.237387+00:00,2026-04-18 05:45:16.974000+00:00,time_stop,LiqCascadeStrategy_V05,2026-04-05 00:00:00+00:00,601.81,764.327327713103,True,block_longs_below,False
694,SOL/USDT:USDT,False,-0.0085112176236255,-9.2718231,1088.82065,2026-04-18 06:50:12.027461+00:00,2026-04-18 07:25:16.981000+00:00,time_stop,LiqCascadeStrategy_V05,2026-04-05 00:00:00+00:00,81.85,122.48026611664989,True,block_longs_below,False
695,BTC/USDT:USDT,True,0.0019671060402708,2.1136556,1075.0376,2026-04-18 08:20:07.803967+00:00,2026-04-18 08:50:12.403000+00:00,roi,LiqCascadeStrategy_V05,2026-04-05 00:00:00+00:00,68997.9,84241.10416269858,False,block_shorts_above,False
696,ETH/USDT:USDT,True,0.0083227389210276,9.0427064,1087.0496,2026-04-18 08:20:09.066955+00:00,2026-04-18 08:50:13.381000+00:00,roi,LiqCascadeStrategy_V05,2026-04-05 00:00:00+00:00,2109.35,2704.0481781622575,False,block_shorts_above,False
697,SOL/USDT:USDT,True,0.0123510776781199,13.4198419,1087.0756,2026-04-18 08:20:10.297573+00:00,2026-04-18 08:50:14.363000+00:00,roi,LiqCascadeStrategy_V05,2026-04-05 00:00:00+00:00,81.85,122.48026611664989,False,block_shorts_above,False
698,XRP/USDT:USDT,True,0.0003463349671463,0.37629952,1087.062525,2026-04-18 08:35:12.725204+00:00,2026-04-18 09:09:26.990000+00:00,roi,LiqCascadeStrategy_V05,2026-04-05 00:00:00+00:00,1.3259,1.854389993213925,False,block_shorts_above,False
699,BTC/USDT:USDT,False,-0.0053846184055674,-5.781636,1073.1952,2026-04-18 09:00:09.146317+00:00,2026-04-18 09:35:11.964000+00:00,time_stop,LiqCascadeStrategy_V05,2026-04-05 00:00:00+00:00,68997.9,84241.10416269858,True,block_longs_below,False
700,ETH/USDT:USDT,False,-0.0020962488495745,-2.28945385,1091.621205,2026-04-18 09:15:07.875766+00:00,2026-04-18 09:50:11.999000+00:00,time_stop,LiqCascadeStrategy_V05,2026-04-05 00:00:00+00:00,2109.35,2704.0481781622575,True,block_longs_below,False
701,SOL/USDT:USDT,False,-0.0327330912788099,-35.75715575,1091.839625,2026-04-18 09:35:07.967331+00:00,2026-04-18 10:10:12.871000+00:00,time_stop,LiqCascadeStrategy_V05,2026-04-05 00:00:00+00:00,81.85,122.48026611664989,True,block_longs_below,False
702,ETH/USDT:USDT,False,-0.012910249625703,-13.9863124,1082.80809,2026-04-18 10:20:07.527466+00:00,2026-04-18 10:55:11.965000+00:00,time_stop,LiqCascadeStrategy_V05,2026-04-05 00:00:00+00:00,2109.35,2704.0481781622575,True,block_longs_below,False
703,BTC/USDT:USDT,True,-0.0117404633995204,-12.4542124,1061.3246,2026-04-18 11:45:07.486992+00:00,2026-04-18 12:20:11.972000+00:00,time_stop,LiqCascadeStrategy_V05,2026-04-05 00:00:00+00:00,68997.9,84241.10416269858,False,block_shorts_above,False
704,SOL/USDT:USDT,False,-0.0049193756822303,-5.3055483,1077.96135,2026-04-18 13:55:07.468166+00:00,2026-04-18 14:30:12.583000+00:00,time_stop,LiqCascadeStrategy_V05,2026-04-05 00:00:00+00:00,81.85,122.48026611664989,True,block_longs_below,False
705,ETH/USDT:USDT,False,0.0002995394477307,0.3227568,1076.97168,2026-04-18 14:55:08.275190+00:00,2026-04-18 15:25:16.949000+00:00,roi,LiqCascadeStrategy_V05,2026-04-05 00:00:00+00:00,2109.35,2704.0481781622575,True,block_longs_below,False
706,BTC/USDT:USDT,False,-0.0095743247694573,-10.2252192,1067.4496,2026-04-18 15:05:08.017647+00:00,2026-04-18 15:40:12.053000+00:00,time_stop,LiqCascadeStrategy_V05,2026-04-05 00:00:00+00:00,68997.9,84241.10416269858,True,block_longs_below,False
707,BTC/USDT:USDT,True,0.0001278083967661,0.1357286,1062.5006,2026-04-18 16:20:08.161749+00:00,2026-04-18 16:51:21.992000+00:00,roi,LiqCascadeStrategy_V05,2026-04-05 00:00:00+00:00,68997.9,84241.10416269858,False,block_shorts_above,False
708,ETH/USDT:USDT,False,-0.0172523829897955,-18.55653949,1075.055305,2026-04-18 16:25:03.144563+00:00,2026-04-18 17:00:05.005000+00:00,time_stop,LiqCascadeStrategy_V05,2026-04-05 00:00:00+00:00,2109.35,2704.0481781622575,True,block_longs_below,False
709,BTC/USDT:USDT,True,0.000223050845702,0.2360008,1058.5876,2026-04-18 18:20:07.800259+00:00,2026-04-18 18:54:47.050000+00:00,roi,LiqCascadeStrategy_V05,2026-04-05 00:00:00+00:00,68997.9,84241.10416269858,False,block_shorts_above,False
710,SOL/USDT:USDT,True,-0.0033962852026547,-3.6354656,1070.9596,2026-04-18 18:35:08.044981+00:00,2026-04-18 19:10:12.028000+00:00,time_stop,LiqCascadeStrategy_V05,2026-04-05 00:00:00+00:00,81.85,122.48026611664989,False,block_shorts_above,False
711,ETH/USDT:USDT,True,-0.0068845753045528,-7.36585575,1070.442285,2026-04-18 18:45:04.485492+00:00,2026-04-18 19:20:08.165000+00:00,time_stop,LiqCascadeStrategy_V05,2026-04-05 00:00:00+00:00,2109.35,2704.0481781622575,False,block_shorts_above,False
712,BTC/USDT:USDT,False,-0.0118482258194484,-12.5618332,1059.6992,2026-04-18 19:10:08.317049+00:00,2026-04-18 19:45:12.015000+00:00,time_stop,LiqCascadeStrategy_V05,2026-04-05 00:00:00+00:00,68997.9,84241.10416269858,True,block_longs_below,False
713,BTC/USDT:USDT,False,7.23402316213711e-05,0.0765968,1058.3118,2026-04-18 19:50:02.929807+00:00,2026-04-18 20:20:37.023000+00:00,roi,LiqCascadeStrategy_V05,2026-04-05 00:00:00+00:00,68997.9,84241.10416269858,True,block_longs_below,False
714,XRP/USDT:USDT,False,0.0060520249865286,6.45966416,1066.82242,2026-04-18 21:30:08.031979+00:00,2026-04-18 22:00:09.375000+00:00,roi,LiqCascadeStrategy_V05,2026-04-05 00:00:00+00:00,1.3259,1.854389993213925,True,block_longs_below,False
715,XRP/USDT:USDT,False,-0.0056671747668354,-6.05617584,1068.10704,2026-04-18 23:15:08.158242+00:00,2026-04-18 23:50:12.001000+00:00,time_stop,LiqCascadeStrategy_V05,2026-04-05 00:00:00+00:00,1.3259,1.854389993213925,True,block_longs_below,False
716,SOL/USDT:USDT,True,-0.0017672856974833,-1.8838095,1066.467,2026-04-19 01:30:07.756968+00:00,2026-04-19 02:05:11.975000+00:00,time_stop,LiqCascadeStrategy_V05,2026-04-05 00:00:00+00:00,81.85,122.48026611664989,False,block_shorts_above,False
717,BTC/USDT:USDT,True,-0.0020938935122883,-2.2101142,1056.0326,2026-04-19 02:30:07.720805+00:00,2026-04-19 03:05:12.409000+00:00,time_stop,LiqCascadeStrategy_V05,2026-04-05 00:00:00+00:00,68997.9,84241.10416269858,False,block_shorts_above,False
718,ETH/USDT:USDT,False,-0.0138885463320838,-14.8155826,1066.21515,2026-04-19 02:45:08.579458+00:00,2026-04-19 03:20:11.983000+00:00,time_stop,LiqCascadeStrategy_V05,2026-04-05 00:00:00+00:00,2109.35,2704.0481781622575,True,block_longs_below,False
719,BTC/USDT:USDT,True,-0.0065307329095151,-6.8903856,1055.5986,2026-04-19 03:10:07.904108+00:00,2026-04-19 03:45:11.953000+00:00,time_stop,LiqCascadeStrategy_V05,2026-04-05 00:00:00+00:00,68997.9,84241.10416269858,False,block_shorts_above,False
720,ETH/USDT:USDT,False,-0.0171917031403997,-18.26214569,1061.7342,2026-04-19 04:05:07.627201+00:00,2026-04-19 04:40:08.770000+00:00,time_stop,LiqCascadeStrategy_V05,2026-04-05 00:00:00+00:00,2109.35,2704.0481781622575,True,block_longs_below,False
721,BTC/USDT:USDT,False,-0.0073301942028607,-7.7693644,1059.3828,2026-04-19 04:20:07.909080+00:00,2026-04-19 04:55:11.991000+00:00,time_stop,LiqCascadeStrategy_V05,2026-04-05 00:00:00+00:00,68997.9,84241.10416269858,True,block_longs_below,False
722,ETH/USDT:USDT,False,-0.0012381180131828,-1.31025757,1057.736625,2026-04-19 04:55:08.162781+00:00,2026-04-19 05:30:11.995000+00:00,time_stop,LiqCascadeStrategy_V05,2026-04-05 00:00:00+00:00,2109.35,2704.0481781622575,True,block_longs_below,False
723,SOL/USDT:USDT,False,-0.0103910242988411,-10.9823145,1056.37575,2026-04-19 05:35:07.781529+00:00,2026-04-19 06:10:11.973000+00:00,time_stop,LiqCascadeStrategy_V05,2026-04-05 00:00:00+00:00,81.85,122.48026611664989,True,block_longs_below,False
724,XRP/USDT:USDT,False,-0.048543414490762,-51.3059712,1056.3808,2026-04-19 05:40:07.968094+00:00,2026-04-19 06:15:11.975000+00:00,time_stop,LiqCascadeStrategy_V05,2026-04-05 00:00:00+00:00,1.3259,1.854389993213925,True,block_longs_below,False
725,XRP/USDT:USDT,True,-0.0142719661882529,-14.89304862,1044.03967,2026-04-19 06:15:13.019409+00:00,2026-04-19 06:50:16.948000+00:00,time_stop,LiqCascadeStrategy_V05,2026-04-05 00:00:00+00:00,1.3259,1.854389993213925,False,block_shorts_above,False
726,BTC/USDT:USDT,True,-0.0029684666053145,-3.0170232,1016.8659,2026-04-19 06:20:07.759338+00:00,2026-04-19 06:55:11.972000+00:00,time_stop,LiqCascadeStrategy_V05,2026-04-05 00:00:00+00:00,68997.9,84241.10416269858,False,block_shorts_above,False
727,BTC/USDT:USDT,True,-0.0052628394572009,-5.33046285,1013.3559,2026-04-19 07:20:07.941209+00:00,2026-04-19 07:55:11.991000+00:00,time_stop,LiqCascadeStrategy_V05,2026-04-05 00:00:00+00:00,68997.9,84241.10416269858,False,block_shorts_above,False
728,BNB/USDT:USDT,True,-0.0024210255636993,-2.51147825,1037.88025,2026-04-19 07:25:03.318865+00:00,2026-04-19 08:00:08.653000+00:00,time_stop,LiqCascadeStrategy_V05,2026-04-05 00:00:00+00:00,601.81,764.327327713103,False,block_shorts_above,False
729,ETH/USDT:USDT,True,-0.0089445474516666,-9.29883664,1040.12958,2026-04-19 07:25:07.968807+00:00,2026-04-19 08:00:09.678000+00:00,time_stop,LiqCascadeStrategy_V05,2026-04-05 00:00:00+00:00,2109.35,2704.0481781622575,False,block_shorts_above,False
730,SOL/USDT:USDT,True,-0.0101525417086423,-10.5587001,1040.52585,2026-04-19 07:25:09.209224+00:00,2026-04-19 08:00:10.713000+00:00,time_stop,LiqCascadeStrategy_V05,2026-04-05 00:00:00+00:00,81.85,122.48026611664989,False,block_shorts_above,False
731,BTC/USDT:USDT,False,0.0067899336652309,7.02028525,1033.40875,2026-04-19 10:55:07.721923+00:00,2026-04-19 11:25:12.566000+00:00,roi,LiqCascadeStrategy_V05,2026-04-05 00:00:00+00:00,68997.9,84241.10416269858,True,block_longs_below,False
732,SOL/USDT:USDT,False,0.0001076078642965,0.1113828,1034.5632,2026-04-19 11:10:09.555272+00:00,2026-04-19 11:44:22.278000+00:00,roi,LiqCascadeStrategy_V05,2026-04-05 00:00:00+00:00,81.85,122.48026611664989,True,block_longs_below,False
733,XRP/USDT:USDT,False,0.0007614773198385,0.7885553,1035.0422775,2026-04-19 11:10:11.289492+00:00,2026-04-19 11:44:23.250000+00:00,roi,LiqCascadeStrategy_V05,2026-04-05 00:00:00+00:00,1.3259,1.854389993213925,True,block_longs_below,False
734,ETH/USDT:USDT,False,-0.004719443625935,-4.88536527,1034.639715,2026-04-19 11:10:08.299310+00:00,2026-04-19 11:45:11.978000+00:00,time_stop,LiqCascadeStrategy_V05,2026-04-05 00:00:00+00:00,2109.35,2704.0481781622575,True,block_longs_below,False
735,SOL/USDT:USDT,False,0.0416759196795351,43.1780287,1035.52485,2026-04-19 13:00:12.077163+00:00,2026-04-19 13:19:32.042000+00:00,roi,LiqCascadeStrategy_V05,2026-04-05 00:00:00+00:00,81.85,122.48026611664989,True,block_longs_below,False
736,BNB/USDT:USDT,False,0.0038099403803975,3.9449163,1034.90985,2026-04-19 13:10:07.880345+00:00,2026-04-19 13:40:11.997000+00:00,roi,LiqCascadeStrategy_V05,2026-04-05 00:00:00+00:00,601.81,764.327327713103,True,block_longs_below,False
737,XRP/USDT:USDT,False,0.0046110796801959,4.81717578,1044.1737575,2026-04-19 13:20:13.160109+00:00,2026-04-19 13:50:17.482000+00:00,roi,LiqCascadeStrategy_V05,2026-04-05 00:00:00+00:00,1.3259,1.854389993213925,True,block_longs_below,False
738,BTC/USDT:USDT,False,-0.0081168477338615,-8.3281797,1025.52345,2026-04-19 13:20:10.668260+00:00,2026-04-19 13:55:11.989000+00:00,time_stop,LiqCascadeStrategy_V05,2026-04-05 00:00:00+00:00,68997.9,84241.10416269858,True,block_longs_below,False
739,SOL/USDT:USDT,False,-0.0183023961460378,-19.1165779,1043.963,2026-04-19 13:20:11.918766+00:00,2026-04-19 13:55:12.968000+00:00,time_stop,LiqCascadeStrategy_V05,2026-04-05 00:00:00+00:00,81.85,122.48026611664989,True,block_longs_below,False
740,ETH/USDT:USDT,False,-0.011813691217304,-12.33723671,1043.794945,2026-04-19 13:25:08.953198+00:00,2026-04-19 14:00:12.009000+00:00,time_stop,LiqCascadeStrategy_V05,2026-04-05 00:00:00+00:00,2109.35,2704.0481781622575,True,block_longs_below,False
741,ETH/USDT:USDT,True,-0.0081637804943931,-8.46698143,1037.6586,2026-04-19 14:05:07.710075+00:00,2026-04-19 14:40:11.994000+00:00,time_stop,LiqCascadeStrategy_V05,2026-04-05 00:00:00+00:00,2109.35,2704.0481781622575,False,block_shorts_above,False
742,BNB/USDT:USDT,False,0.00397868775609,4.13165025,1037.9265,2026-04-19 14:35:09.386693+00:00,2026-04-19 15:05:12.226000+00:00,roi,LiqCascadeStrategy_V05,2026-04-05 00:00:00+00:00,601.81,764.327327713103,True,block_longs_below,False
743,BTC/USDT:USDT,True,-0.0045177724818255,-4.62119445,1023.40395,2026-04-19 14:35:08.145196+00:00,2026-04-19 15:10:12.007000+00:00,time_stop,LiqCascadeStrategy_V05,2026-04-05 00:00:00+00:00,68997.9,84241.10416269858,False,block_shorts_above,False
744,BTC/USDT:USDT,True,-0.0001150027759664,-0.11744334,1021.73265,2026-04-19 15:35:02.889474+00:00,2026-04-19 16:10:08.432000+00:00,time_stop,LiqCascadeStrategy_V05,2026-04-05 00:00:00+00:00,68997.9,84241.10416269858,False,block_shorts_above,False
745,ETH/USDT:USDT,True,-0.0021689286854367,-2.24459538,1035.40437,2026-04-19 15:35:07.803331+00:00,2026-04-19 16:10:09.420000+00:00,time_stop,LiqCascadeStrategy_V05,2026-04-05 00:00:00+00:00,2109.35,2704.0481781622575,False,block_shorts_above,False
746,SOL/USDT:USDT,True,-0.0072796946528486,-7.53765808,1035.954,2026-04-19 15:35:09.040125+00:00,2026-04-19 16:10:10.398000+00:00,time_stop,LiqCascadeStrategy_V05,2026-04-05 00:00:00+00:00,81.85,122.48026611664989,False,block_shorts_above,False
747,BNB/USDT:USDT,False,-0.0053378065649212,-5.52744725,1035.010325,2026-04-19 16:00:10.079955+00:00,2026-04-19 16:35:12.576000+00:00,time_stop,LiqCascadeStrategy_V05,2026-04-05 00:00:00+00:00,601.81,764.327327713103,True,block_longs_below,False
748,BTC/USDT:USDT,False,-0.0079358742575367,-8.0707428,1016.48655,2026-04-19 16:55:12.307951+00:00,2026-04-19 17:30:17.051000+00:00,time_stop,LiqCascadeStrategy_V05,2026-04-05 00:00:00+00:00,68997.9,84241.10416269858,True,block_longs_below,False
749,BTC/USDT:USDT,True,0.0017134361260861,1.72835235,1009.21005,2026-04-19 17:55:07.721248+00:00,2026-04-19 18:25:12.613000+00:00,roi,LiqCascadeStrategy_V05,2026-04-05 00:00:00+00:00,68997.9,84241.10416269858,False,block_shorts_above,False
750,ETH/USDT:USDT,True,0.0077771404371568,8.0155725,1031.17365,2026-04-19 17:55:09.012164+00:00,2026-04-19 18:25:13.653000+00:00,roi,LiqCascadeStrategy_V05,2026-04-05 00:00:00+00:00,2109.35,2704.0481781622575,False,block_shorts_above,False
751,BTC/USDT:USDT,False,-0.0085334979641181,-8.80191675,1030.93925,2026-04-19 19:20:04.237025+00:00,2026-04-19 19:55:08.398000+00:00,time_stop,LiqCascadeStrategy_V05,2026-04-05 00:00:00+00:00,68997.9,84241.10416269858,True,block_longs_below,False
752,ETH/USDT:USDT,False,-0.0037568993209344,-3.87678676,1031.395575,2026-05-02 22:50:07.802075+00:00,2026-05-02 23:25:12.067000+00:00,time_stop,LiqCascadeStrategy_V05,2026-04-05 00:00:00+00:00,2109.35,2704.0481781622575,True,block_longs_below,False
753,BTC/USDT:USDT,True,-0.0029771064752679,-3.0386915,1021.1968,2026-05-03 00:10:07.561065+00:00,2026-05-03 00:45:12.490000+00:00,time_stop,LiqCascadeStrategy_V05,2026-04-05 00:00:00+00:00,68997.9,84241.10416269858,False,block_shorts_above,False
754,BTC/USDT:USDT,True,0.000972354376978,0.9893455,1017.9832,2026-05-03 01:05:07.741407+00:00,2026-05-03 01:35:12.035000+00:00,roi,LiqCascadeStrategy_V05,2026-04-05 00:00:00+00:00,68997.9,84241.10416269858,False,block_shorts_above,False
755,BTC/USDT:USDT,True,-0.0002030858614422,-0.206271,1016.1918,2026-05-03 01:40:07.780830+00:00,2026-05-03 02:13:17.090000+00:00,roi,LiqCascadeStrategy_V05,2026-04-05 00:00:00+00:00,68997.9,84241.10416269858,False,block_shorts_above,False
756,ETH/USDT:USDT,False,-0.0113534786182833,-11.70245726,1030.222485,2026-05-03 01:45:12.329905+00:00,2026-05-03 02:20:17.054000+00:00,time_stop,LiqCascadeStrategy_V05,2026-04-05 00:00:00+00:00,2109.35,2704.0481781622575,True,block_longs_below,False
757,ETH/USDT:USDT,False,-0.0099520786956652,-10.23428901,1027.843,2026-05-03 02:50:03.250209+00:00,2026-05-03 03:25:08.370000+00:00,time_stop,LiqCascadeStrategy_V05,2026-04-05 00:00:00+00:00,2109.35,2704.0481781622575,True,block_longs_below,False
758,BTC/USDT:USDT,False,-0.0064428929563367,-6.5468936,1015.6341,2026-05-03 02:50:08.377999+00:00,2026-05-03 03:25:09.338000+00:00,time_stop,LiqCascadeStrategy_V05,2026-04-05 00:00:00+00:00,68997.9,84241.10416269858,True,block_longs_below,False
759,BTC/USDT:USDT,False,0.0002745313392711,0.2795234,1017.6751,2026-05-03 06:55:03.028182+00:00,2026-05-03 07:25:08.160000+00:00,roi,LiqCascadeStrategy_V05,2026-04-05 00:00:00+00:00,68997.9,84241.10416269858,True,block_longs_below,False
760,ETH/USDT:USDT,False,0.0024989998058504,2.56185648,1024.6404125,2026-05-03 07:05:08.732981+00:00,2026-05-03 07:35:12.048000+00:00,roi,LiqCascadeStrategy_V05,2026-04-05 00:00:00+00:00,2109.35,2704.0481781622575,True,block_longs_below,False
761,SOL/USDT:USDT,False,0.0001463119549745,0.15000075,1024.6995,2026-05-03 07:05:10.498002+00:00,2026-05-03 07:37:32.024000+00:00,roi,LiqCascadeStrategy_V05,2026-04-05 00:00:00+00:00,81.85,122.48026611664989,True,block_longs_below,False
762,BTC/USDT:USDT,False,-0.0061265568173192,-6.253078,1020.1412,2026-05-03 09:45:07.865058+00:00,2026-05-03 10:20:12.096000+00:00,time_stop,LiqCascadeStrategy_V05,2026-04-05 00:00:00+00:00,68997.9,84241.10416269858,True,block_longs_below,False
763,ETH/USDT:USDT,False,-0.0092794943054817,-9.51678728,1025.0592275,2026-05-03 09:45:09.149298+00:00,2026-05-03 10:20:13.104000+00:00,time_stop,LiqCascadeStrategy_V05,2026-04-05 00:00:00+00:00,2109.35,2704.0481781622575,True,block_longs_below,False
764,BTC/USDT:USDT,False,0.0029185723321369,2.9296083,1003.27965,2026-05-03 11:45:07.700570+00:00,2026-05-03 12:15:08.590000+00:00,roi,LiqCascadeStrategy_V05,2026-04-05 00:00:00+00:00,68997.9,84241.10416269858,True,block_longs_below,False
765,ETH/USDT:USDT,False,0.0088270781190372,9.02516903,1021.9303125,2026-05-03 11:45:08.979117+00:00,2026-05-03 12:15:12.374000+00:00,roi,LiqCascadeStrategy_V05,2026-04-05 00:00:00+00:00,2109.35,2704.0481781622575,True,block_longs_below,False
766,XRP/USDT:USDT,False,-0.0034289017374945,-3.50747712,1022.40441,2026-05-03 11:50:08.585083+00:00,2026-05-03 12:25:12.074000+00:00,time_stop,LiqCascadeStrategy_V05,2026-04-05 00:00:00+00:00,1.3259,1.854389993213925,True,block_longs_below,False
767,SOL/USDT:USDT,False,-0.0036610334167438,-3.7449945,1022.4225,2026-05-03 12:15:05.423516+00:00,2026-05-03 12:50:08.363000+00:00,time_stop,LiqCascadeStrategy_V05,2026-04-05 00:00:00+00:00,81.85,122.48026611664989,True,block_longs_below,False
768,BNB/USDT:USDT,False,-0.0040288017183416,-4.11189135,1020.11385,2026-05-03 12:15:09.956239+00:00,2026-05-03 12:50:11.987000+00:00,time_stop,LiqCascadeStrategy_V05,2026-04-05 00:00:00+00:00,601.81,764.327327713103,True,block_longs_below,False
769,BTC/USDT:USDT,True,-0.0042702567213587,-4.3615273,1021.8845,2026-05-03 13:30:07.823108+00:00,2026-05-03 14:05:12.083000+00:00,time_stop,LiqCascadeStrategy_V05,2026-04-05 00:00:00+00:00,68997.9,84241.10416269858,False,block_shorts_above,False
770,BTC/USDT:USDT,False,-0.0075910214010109,-7.6247703,1003.943925,2026-05-03 17:50:02.844132+00:00,2026-05-03 18:25:08.317000+00:00,time_stop,LiqCascadeStrategy_V05,2026-04-05 00:00:00+00:00,68997.9,84241.10416269858,True,block_longs_below,False
771,BTC/USDT:USDT,True,-0.0035426215570388,-3.4831875,983.715,2026-05-03 19:05:07.865612+00:00,2026-05-03 19:40:12.099000+00:00,time_stop,LiqCascadeStrategy_V05,2026-04-05 00:00:00+00:00,68997.9,84241.10416269858,False,block_shorts_above,False
772,ETH/USDT:USDT,False,0.0025882500418603,2.64099828,1019.86995,2026-05-03 19:10:12.433321+00:00,2026-05-03 19:40:17.042000+00:00,roi,LiqCascadeStrategy_V05,2026-04-05 00:00:00+00:00,2109.35,2704.0481781622575,True,block_longs_below,False
773,BTC/USDT:USDT,False,-0.0070473462089897,-7.08021525,1004.16195,2026-05-03 19:40:12.930000+00:00,2026-05-03 20:15:17.069000+00:00,time_stop,LiqCascadeStrategy_V05,2026-04-05 00:00:00+00:00,68997.9,84241.10416269858,True,block_longs_below,False
